Order ID,Customer ID,Date,Product Category,Product Name,Quantity Ordered,Price Each,Country,City,Payment Method,Total Sales
1,1102,2023-01-01 00:00:00,Electronics,Product B,3,270.89,USA,London,PayPal,812.67
2,1435,2023-01-01 01:00:00,Electronics,Product D,3,211.44,India,Mumbai,PayPal,634.3199999999999
3,1860,2023-01-01 02:00:00,Home,Product C,3,180.2,USA,Mumbai,Credit Card,540.5999999999999
4,1270,2023-01-01 03:00:00,Books,Product A,4,450.92,USA,New York,Cash,1803.68
5,1106,2023-01-01 04:00:00,Electronics,Product C,3,20.69,USA,Berlin,PayPal,62.07000000000001
6,1071,2023-01-01 05:00:00,Clothing,Product B,1,335.26,UK,Mumbai,Cash,335.26
7,1700,2023-01-01 06:00:00,Electronics,Product A,4,482.06,India,Berlin,Cash,1928.24
8,1020,2023-01-01 07:00:00,Clothing,Product B,3,284.48,USA,Mumbai,Debit Card,853.44
9,1614,2023-01-01 08:00:00,Books,Product B,1,469.04,India,Mumbai,Cash,469.04
10,1121,2023-01-01 09:00:00,Home,Product C,4,35.61,UK,Berlin,Credit Card,142.44
11,1466,2023-01-01 10:00:00,Electronics,Product B,3,215.21,Germany,London,Debit Card,645.63
12,1214,2023-01-01 11:00:00,Home,Product C,3,137.48,USA,Mumbai,Debit Card,412.43999999999994
13,1330,2023-01-01 12:00:00,Electronics,Product A,3,368.1,India,Mumbai,Debit Card,1104.3000000000002
14,1458,2023-01-01 13:00:00,Clothing,Product C,4,490.84,India,Berlin,PayPal,1963.36
15,1087,2023-01-01 14:00:00,Home,Product A,1,135.7,UK,London,PayPal,135.7
16,1372,2023-01-01 15:00:00,Electronics,Product C,1,330.55,USA,Mumbai,Cash,330.55
17,1099,2023-01-01 16:00:00,Clothing,Product D,2,107.07,Germany,Mumbai,Debit Card,214.14
18,1871,2023-01-01 17:00:00,Home,Product D,3,287.01,India,London,Debit Card,861.03
19,1663,2023-01-01 18:00:00,Home,Product B,2,237.33,USA,Mumbai,Credit Card,474.66
20,1130,2023-01-01 19:00:00,Electronics,Product C,2,486.28,Germany,London,Cash,972.56
21,1661,2023-01-01 20:00:00,Electronics,Product C,1,308.18,India,London,Credit Card,308.18
22,1308,2023-01-01 21:00:00,Electronics,Product A,4,181.26,India,Berlin,Cash,725.04
23,1769,2023-01-01 22:00:00,Clothing,Product B,4,65.91,Germany,New York,Cash,263.64
24,1343,2023-01-01 23:00:00,Electronics,Product C,1,84.11,Germany,London,PayPal,84.11
25,1491,2023-01-02 00:00:00,Home,Product B,4,120.41,UK,Berlin,PayPal,481.64
26,1413,2023-01-02 01:00:00,Home,Product D,2,132.97,USA,New York,Credit Card,265.94
27,1805,2023-01-02 02:00:00,Electronics,Product C,3,426.8,USA,Mumbai,Cash,1280.4
28,1385,2023-01-02 03:00:00,Electronics,Product C,1,285.0,UK,New York,Debit Card,285.0
29,1191,2023-01-02 04:00:00,Books,Product B,3,266.46,India,London,PayPal,799.3799999999999
30,1955,2023-01-02 05:00:00,Home,Product C,4,66.24,Germany,London,Debit Card,264.96
31,1276,2023-01-02 06:00:00,Clothing,Product B,3,431.47,Germany,London,Credit Card,1294.41
32,1160,2023-01-02 07:00:00,Books,Product C,4,364.18,Germany,London,PayPal,1456.72
33,1459,2023-01-02 08:00:00,Electronics,Product A,4,43.16,India,London,PayPal,172.64
34,1313,2023-01-02 09:00:00,Electronics,Product B,2,356.84,Germany,Berlin,Cash,713.68
35,1021,2023-01-02 10:00:00,Home,Product C,4,276.33,Germany,London,Credit Card,1105.32
36,1252,2023-01-02 11:00:00,Electronics,Product D,2,50.05,UK,Berlin,Cash,100.1
37,1747,2023-01-02 12:00:00,Clothing,Product C,2,234.57,India,Mumbai,PayPal,469.14
38,1856,2023-01-02 13:00:00,Home,Product D,2,247.5,USA,London,Credit Card,495.0
39,1560,2023-01-02 14:00:00,Electronics,Product D,1,91.23,UK,London,PayPal,91.23
40,1474,2023-01-02 15:00:00,Home,Product A,1,473.39,UK,New York,Credit Card,473.39
41,1058,2023-01-02 16:00:00,Electronics,Product B,4,426.49,USA,Mumbai,PayPal,1705.96
42,1510,2023-01-02 17:00:00,Electronics,Product C,2,337.82,UK,London,Debit Card,675.64
43,1681,2023-01-02 18:00:00,Electronics,Product A,1,236.52,India,London,Debit Card,236.52
44,1475,2023-01-02 19:00:00,Clothing,Product C,2,211.77,Germany,Mumbai,Cash,423.54
45,1699,2023-01-02 20:00:00,Clothing,Product D,3,328.98,India,Berlin,Debit Card,986.94
46,1975,2023-01-02 21:00:00,Home,Product B,3,277.26,USA,London,PayPal,831.78
47,1782,2023-01-02 22:00:00,Electronics,Product C,3,40.51,USA,New York,PayPal,121.53
48,1189,2023-01-02 23:00:00,Electronics,Product C,4,261.13,UK,London,Debit Card,1044.52
49,1957,2023-01-03 00:00:00,Clothing,Product D,2,405.14,India,New York,Cash,810.28
50,1686,2023-01-03 01:00:00,Electronics,Product C,3,235.03,India,New York,Debit Card,705.09
51,1957,2023-01-03 02:00:00,Clothing,Product C,1,35.46,USA,London,Credit Card,35.46
52,1562,2023-01-03 03:00:00,Electronics,Product D,3,395.28,India,London,Credit Card,1185.84
53,1875,2023-01-03 04:00:00,Home,Product A,3,108.67,USA,New York,Credit Card,326.01
54,1566,2023-01-03 05:00:00,Electronics,Product D,3,136.72,India,Mumbai,Debit Card,410.15999999999997
55,1243,2023-01-03 06:00:00,Electronics,Product A,4,90.71,India,Mumbai,Debit Card,362.84
56,1831,2023-01-03 07:00:00,Books,Product B,1,171.81,India,London,Debit Card,171.81
57,1504,2023-01-03 08:00:00,Clothing,Product A,2,380.81,USA,Berlin,Credit Card,761.62
58,1130,2023-01-03 09:00:00,Electronics,Product A,1,264.5,UK,Mumbai,Cash,264.5
59,1484,2023-01-03 10:00:00,Electronics,Product B,2,110.39,India,London,PayPal,220.78
60,1818,2023-01-03 11:00:00,Books,Product A,4,440.14,USA,Mumbai,Debit Card,1760.56
61,1646,2023-01-03 12:00:00,Books,Product D,4,441.0,USA,Berlin,Cash,1764.0
62,1020,2023-01-03 13:00:00,Clothing,Product A,4,436.58,India,London,PayPal,1746.32
63,1840,2023-01-03 14:00:00,Books,Product B,4,127.01,India,Berlin,PayPal,508.04
64,1166,2023-01-03 15:00:00,Home,Product D,2,231.11,UK,London,PayPal,462.22
65,1273,2023-01-03 16:00:00,Books,Product B,3,492.64,USA,Berlin,Cash,1477.92
66,1387,2023-01-03 17:00:00,Home,Product B,2,388.29,USA,Mumbai,Cash,776.58
67,1600,2023-01-03 18:00:00,Clothing,Product C,1,23.31,Germany,Mumbai,Credit Card,23.31
68,1315,2023-01-03 19:00:00,Clothing,Product C,4,41.95,USA,Berlin,Cash,167.8
69,1013,2023-01-03 20:00:00,Clothing,Product B,4,237.33,UK,Berlin,Cash,949.32
70,1241,2023-01-03 21:00:00,Clothing,Product B,1,455.52,Germany,Berlin,Cash,455.52
71,1776,2023-01-03 22:00:00,Clothing,Product B,2,273.96,Germany,London,PayPal,547.92
72,1345,2023-01-03 23:00:00,Home,Product C,3,253.93,Germany,Mumbai,Debit Card,761.79
73,1564,2023-01-04 00:00:00,Home,Product C,3,61.68,India,London,Credit Card,185.04
74,1897,2023-01-04 01:00:00,Clothing,Product A,1,331.82,India,Mumbai,Debit Card,331.82
75,1339,2023-01-04 02:00:00,Books,Product A,3,412.83,USA,New York,Debit Card,1238.49
76,1091,2023-01-04 03:00:00,Electronics,Product B,2,196.41,Germany,London,Cash,392.82
77,1366,2023-01-04 04:00:00,Clothing,Product D,2,390.05,UK,Mumbai,Credit Card,780.1
78,1955,2023-01-04 05:00:00,Books,Product D,1,482.59,India,Mumbai,Debit Card,482.59
79,1454,2023-01-04 06:00:00,Electronics,Product C,2,109.85,UK,London,Debit Card,219.7
80,1427,2023-01-04 07:00:00,Clothing,Product C,4,266.43,UK,London,Credit Card,1065.72
81,1508,2023-01-04 08:00:00,Clothing,Product C,1,150.7,India,Mumbai,Cash,150.7
82,1775,2023-01-04 09:00:00,Home,Product B,2,398.5,India,London,Debit Card,797.0
83,1942,2023-01-04 10:00:00,Electronics,Product D,1,293.02,India,Berlin,PayPal,293.02
84,1034,2023-01-04 11:00:00,Electronics,Product A,3,320.95,India,London,Debit Card,962.8499999999999
85,1205,2023-01-04 12:00:00,Books,Product B,2,400.98,Germany,London,PayPal,801.96
86,1080,2023-01-04 13:00:00,Home,Product A,4,204.03,Germany,London,Cash,816.12
87,1931,2023-01-04 14:00:00,Home,Product A,2,458.39,Germany,Mumbai,Debit Card,916.78
88,1561,2023-01-04 15:00:00,Home,Product B,1,271.18,Germany,Berlin,Credit Card,271.18
89,1871,2023-01-04 16:00:00,Home,Product A,1,87.4,USA,New York,Credit Card,87.4
90,1387,2023-01-04 17:00:00,Electronics,Product D,2,350.99,Germany,New York,Debit Card,701.98
91,1001,2023-01-04 18:00:00,Electronics,Product A,4,398.7,India,Berlin,Cash,1594.8
92,1389,2023-01-04 19:00:00,Clothing,Product D,4,165.21,UK,Berlin,Cash,660.84
93,1565,2023-01-04 20:00:00,Clothing,Product D,4,430.02,Germany,Berlin,Credit Card,1720.08
94,1105,2023-01-04 21:00:00,Home,Product D,1,454.01,USA,Mumbai,Debit Card,454.01
95,1771,2023-01-04 22:00:00,Home,Product C,2,145.68,India,New York,Cash,291.36
96,1821,2023-01-04 23:00:00,Home,Product A,3,491.93,UK,Berlin,Credit Card,1475.79
97,1476,2023-01-05 00:00:00,Clothing,Product B,1,78.95,UK,Mumbai,PayPal,78.95
98,1702,2023-01-05 01:00:00,Books,Product B,4,108.99,Germany,New York,Debit Card,435.96
99,1401,2023-01-05 02:00:00,Books,Product A,2,100.27,UK,London,PayPal,200.54
100,1729,2023-01-05 03:00:00,Clothing,Product C,4,448.05,Germany,Mumbai,PayPal,1792.2
101,1555,2023-01-05 04:00:00,Clothing,Product C,3,330.6,Germany,New York,Cash,991.8000000000001
102,1161,2023-01-05 05:00:00,Clothing,Product D,4,84.53,India,Mumbai,Cash,338.12
103,1201,2023-01-05 06:00:00,Clothing,Product A,4,225.76,India,New York,Cash,903.04
104,1957,2023-01-05 07:00:00,Clothing,Product A,3,311.5,USA,New York,Debit Card,934.5
105,1995,2023-01-05 08:00:00,Clothing,Product B,2,50.9,India,London,PayPal,101.8
106,1269,2023-01-05 09:00:00,Home,Product A,1,442.38,India,Mumbai,Debit Card,442.38
107,1862,2023-01-05 10:00:00,Home,Product C,2,403.77,Germany,Berlin,Cash,807.54
108,1815,2023-01-05 11:00:00,Home,Product A,3,257.55,India,London,PayPal,772.6500000000001
109,1270,2023-01-05 12:00:00,Home,Product B,4,483.89,Germany,London,Debit Card,1935.56
110,1455,2023-01-05 13:00:00,Clothing,Product D,2,214.7,Germany,New York,Debit Card,429.4
111,1461,2023-01-05 14:00:00,Books,Product B,1,492.21,India,Berlin,Credit Card,492.21
112,1726,2023-01-05 15:00:00,Electronics,Product B,3,337.28,USA,Mumbai,Debit Card,1011.8399999999999
113,1251,2023-01-05 16:00:00,Clothing,Product D,2,320.99,USA,Berlin,Cash,641.98
114,1701,2023-01-05 17:00:00,Electronics,Product B,1,91.32,UK,Berlin,Debit Card,91.32
115,1295,2023-01-05 18:00:00,Books,Product B,3,442.14,UK,Berlin,PayPal,1326.42
116,1724,2023-01-05 19:00:00,Home,Product A,1,219.47,India,Berlin,Debit Card,219.47
117,1719,2023-01-05 20:00:00,Books,Product A,3,89.49,USA,Berlin,Credit Card,268.46999999999997
118,1748,2023-01-05 21:00:00,Clothing,Product D,4,16.18,Germany,New York,PayPal,64.72
119,1337,2023-01-05 22:00:00,Home,Product A,2,284.28,UK,New York,PayPal,568.56
120,1878,2023-01-05 23:00:00,Clothing,Product A,1,268.43,Germany,London,Credit Card,268.43
121,1052,2023-01-06 00:00:00,Home,Product B,3,362.48,UK,New York,Cash,1087.44
122,1791,2023-01-06 01:00:00,Electronics,Product C,1,446.23,India,London,PayPal,446.23
123,1921,2023-01-06 02:00:00,Electronics,Product A,1,48.91,USA,London,Cash,48.91
124,1216,2023-01-06 03:00:00,Electronics,Product C,2,368.43,UK,Mumbai,PayPal,736.86
125,1763,2023-01-06 04:00:00,Books,Product A,4,101.83,USA,Berlin,PayPal,407.32
126,1187,2023-01-06 05:00:00,Clothing,Product A,1,430.51,Germany,New York,Cash,430.51
127,1379,2023-01-06 06:00:00,Books,Product D,3,411.34,India,Mumbai,PayPal,1234.02
128,1492,2023-01-06 07:00:00,Electronics,Product D,3,274.99,USA,New York,Cash,824.97
129,1040,2023-01-06 08:00:00,Clothing,Product D,4,358.02,India,London,Credit Card,1432.08
130,1156,2023-01-06 09:00:00,Electronics,Product C,3,164.03,USA,New York,Cash,492.09000000000003
131,1014,2023-01-06 10:00:00,Books,Product B,4,240.87,Germany,Berlin,Credit Card,963.48
132,1812,2023-01-06 11:00:00,Books,Product A,3,412.6,Germany,London,PayPal,1237.8000000000002
133,1064,2023-01-06 12:00:00,Books,Product A,2,235.04,India,London,Cash,470.08
134,1856,2023-01-06 13:00:00,Electronics,Product A,1,185.32,Germany,Mumbai,PayPal,185.32
135,1838,2023-01-06 14:00:00,Clothing,Product C,2,252.16,UK,Berlin,Cash,504.32
136,1520,2023-01-06 15:00:00,Clothing,Product D,1,415.84,USA,London,Credit Card,415.84
137,1343,2023-01-06 16:00:00,Electronics,Product B,1,174.25,Germany,Berlin,Credit Card,174.25
138,1128,2023-01-06 17:00:00,Clothing,Product C,1,95.14,UK,New York,Cash,95.14
139,1647,2023-01-06 18:00:00,Electronics,Product D,2,358.89,India,Berlin,Credit Card,717.78
140,1471,2023-01-06 19:00:00,Clothing,Product C,1,414.73,UK,London,PayPal,414.73
141,1062,2023-01-06 20:00:00,Home,Product B,2,59.31,India,Mumbai,PayPal,118.62
142,1138,2023-01-06 21:00:00,Home,Product D,4,127.54,India,London,Debit Card,510.16
143,1498,2023-01-06 22:00:00,Books,Product C,3,79.57,USA,Berlin,Credit Card,238.70999999999998
144,1592,2023-01-06 23:00:00,Home,Product B,3,180.49,USA,Berlin,PayPal,541.47
145,1391,2023-01-07 00:00:00,Home,Product A,1,230.67,UK,London,Cash,230.67
146,1674,2023-01-07 01:00:00,Home,Product B,2,376.92,USA,Berlin,Credit Card,753.84
147,1418,2023-01-07 02:00:00,Electronics,Product A,3,329.06,USA,New York,PayPal,987.1800000000001
148,1288,2023-01-07 03:00:00,Home,Product C,2,314.25,USA,London,Credit Card,628.5
149,1378,2023-01-07 04:00:00,Home,Product D,2,182.66,UK,Mumbai,Cash,365.32
150,1772,2023-01-07 05:00:00,Books,Product D,1,422.31,Germany,London,PayPal,422.31
151,1489,2023-01-07 06:00:00,Home,Product C,3,240.93,USA,New York,Debit Card,722.79
152,1230,2023-01-07 07:00:00,Home,Product D,1,489.76,USA,New York,Debit Card,489.76
153,1040,2023-01-07 08:00:00,Clothing,Product D,1,320.73,UK,New York,Credit Card,320.73
154,1027,2023-01-07 09:00:00,Books,Product A,3,71.87,Germany,New York,Cash,215.61
155,1134,2023-01-07 10:00:00,Books,Product C,3,341.33,USA,New York,PayPal,1023.99
156,1200,2023-01-07 11:00:00,Books,Product B,4,169.3,India,Mumbai,Cash,677.2
157,1839,2023-01-07 12:00:00,Books,Product A,4,346.3,UK,Berlin,PayPal,1385.2
158,1779,2023-01-07 13:00:00,Books,Product C,2,44.12,USA,New York,Credit Card,88.24
159,1929,2023-01-07 14:00:00,Books,Product A,3,95.69,USA,New York,PayPal,287.07
160,1032,2023-01-07 15:00:00,Electronics,Product B,4,429.31,India,London,Cash,1717.24
161,1047,2023-01-07 16:00:00,Home,Product B,2,121.32,India,Mumbai,Cash,242.64
162,1502,2023-01-07 17:00:00,Books,Product C,2,420.15,UK,Mumbai,Credit Card,840.3
163,1406,2023-01-07 18:00:00,Home,Product B,2,146.85,UK,Berlin,Cash,293.7
164,1573,2023-01-07 19:00:00,Home,Product A,4,325.01,India,Mumbai,PayPal,1300.04
165,1727,2023-01-07 20:00:00,Electronics,Product B,3,350.13,UK,London,Credit Card,1050.3899999999999
166,1804,2023-01-07 21:00:00,Books,Product A,1,261.2,India,London,PayPal,261.2
167,1098,2023-01-07 22:00:00,Clothing,Product A,2,159.6,USA,Berlin,Cash,319.2
168,1683,2023-01-07 23:00:00,Electronics,Product B,4,114.2,India,London,Credit Card,456.8
169,1871,2023-01-08 00:00:00,Clothing,Product C,4,26.26,India,New York,PayPal,105.04
170,1725,2023-01-08 01:00:00,Home,Product D,1,158.93,Germany,New York,Cash,158.93
171,1986,2023-01-08 02:00:00,Home,Product B,1,330.05,India,London,Cash,330.05
172,1546,2023-01-08 03:00:00,Electronics,Product A,4,469.77,India,Berlin,Debit Card,1879.08
173,1960,2023-01-08 04:00:00,Electronics,Product A,3,436.89,Germany,Mumbai,Cash,1310.67
174,1738,2023-01-08 05:00:00,Clothing,Product B,1,385.37,UK,Berlin,PayPal,385.37
175,1612,2023-01-08 06:00:00,Books,Product C,4,396.34,Germany,Mumbai,Credit Card,1585.36
176,1942,2023-01-08 07:00:00,Clothing,Product C,1,335.84,USA,London,Debit Card,335.84
177,1461,2023-01-08 08:00:00,Electronics,Product A,3,137.54,Germany,London,Cash,412.62
178,1642,2023-01-08 09:00:00,Clothing,Product A,2,454.53,USA,New York,Cash,909.06
179,1768,2023-01-08 10:00:00,Electronics,Product C,1,338.66,UK,Mumbai,Cash,338.66
180,1004,2023-01-08 11:00:00,Clothing,Product D,3,284.62,Germany,Berlin,PayPal,853.86
181,1217,2023-01-08 12:00:00,Electronics,Product B,4,64.38,Germany,London,Debit Card,257.52
182,1502,2023-01-08 13:00:00,Electronics,Product A,1,229.06,UK,Berlin,PayPal,229.06
183,1766,2023-01-08 14:00:00,Electronics,Product A,1,235.58,USA,New York,Debit Card,235.58
184,1397,2023-01-08 15:00:00,Books,Product C,4,433.64,Germany,Mumbai,Credit Card,1734.56
185,1870,2023-01-08 16:00:00,Clothing,Product B,2,277.86,USA,Mumbai,PayPal,555.72
186,1794,2023-01-08 17:00:00,Clothing,Product C,4,196.4,Germany,London,PayPal,785.6
187,1392,2023-01-08 18:00:00,Clothing,Product B,1,488.63,India,Mumbai,Credit Card,488.63
188,1206,2023-01-08 19:00:00,Electronics,Product B,4,64.25,Germany,London,Debit Card,257.0
189,1014,2023-01-08 20:00:00,Clothing,Product B,3,217.05,UK,New York,Cash,651.1500000000001
190,1857,2023-01-08 21:00:00,Clothing,Product A,4,30.59,UK,Mumbai,Credit Card,122.36
191,1553,2023-01-08 22:00:00,Electronics,Product D,1,372.55,USA,London,Cash,372.55
192,1891,2023-01-08 23:00:00,Home,Product C,4,459.86,Germany,Berlin,Cash,1839.44
193,1460,2023-01-09 00:00:00,Electronics,Product D,2,147.22,USA,London,Credit Card,294.44
194,1690,2023-01-09 01:00:00,Clothing,Product C,4,430.59,USA,Mumbai,Debit Card,1722.36
195,1574,2023-01-09 02:00:00,Electronics,Product B,2,153.19,India,New York,Cash,306.38
196,1863,2023-01-09 03:00:00,Home,Product A,3,456.28,India,Mumbai,Credit Card,1368.84
197,1742,2023-01-09 04:00:00,Electronics,Product D,2,379.44,UK,Mumbai,PayPal,758.88
198,1240,2023-01-09 05:00:00,Clothing,Product A,4,404.4,USA,London,PayPal,1617.6
199,1563,2023-01-09 06:00:00,Home,Product C,1,18.82,UK,Berlin,PayPal,18.82
200,1095,2023-01-09 07:00:00,Books,Product A,2,481.78,Germany,Mumbai,Credit Card,963.56
201,1899,2023-01-09 08:00:00,Clothing,Product A,3,366.07,USA,Berlin,PayPal,1098.21
202,1733,2023-01-09 09:00:00,Home,Product D,2,159.33,USA,London,Cash,318.66
203,1484,2023-01-09 10:00:00,Home,Product B,2,416.4,Germany,Berlin,PayPal,832.8
204,1406,2023-01-09 11:00:00,Books,Product A,2,147.95,Germany,London,PayPal,295.9
205,1230,2023-01-09 12:00:00,Electronics,Product B,3,437.65,UK,New York,Cash,1312.9499999999998
206,1748,2023-01-09 13:00:00,Electronics,Product C,4,65.16,UK,Berlin,PayPal,260.64
207,1654,2023-01-09 14:00:00,Clothing,Product A,2,354.81,Germany,Berlin,Cash,709.62
208,1170,2023-01-09 15:00:00,Books,Product D,2,274.94,UK,New York,PayPal,549.88
209,1540,2023-01-09 16:00:00,Electronics,Product C,1,57.3,Germany,Berlin,Cash,57.3
210,1035,2023-01-09 17:00:00,Books,Product C,3,128.53,USA,New York,PayPal,385.59000000000003
211,1524,2023-01-09 18:00:00,Electronics,Product D,2,16.08,USA,Mumbai,Cash,32.16
212,1159,2023-01-09 19:00:00,Home,Product A,3,239.7,India,London,Credit Card,719.0999999999999
213,1838,2023-01-09 20:00:00,Electronics,Product A,2,157.62,USA,New York,Cash,315.24
214,1698,2023-01-09 21:00:00,Books,Product C,4,303.2,Germany,Berlin,PayPal,1212.8
215,1242,2023-01-09 22:00:00,Home,Product A,4,155.65,UK,New York,PayPal,622.6
216,1085,2023-01-09 23:00:00,Home,Product B,2,156.96,India,Berlin,Debit Card,313.92
217,1795,2023-01-10 00:00:00,Home,Product D,4,374.16,UK,Mumbai,Cash,1496.64
218,1577,2023-01-10 01:00:00,Books,Product B,2,33.59,Germany,New York,Credit Card,67.18
219,1681,2023-01-10 02:00:00,Clothing,Product A,4,452.42,USA,Mumbai,Cash,1809.68
220,1556,2023-01-10 03:00:00,Clothing,Product C,1,427.61,India,London,Cash,427.61
221,1573,2023-01-10 04:00:00,Clothing,Product D,1,337.22,Germany,Berlin,Credit Card,337.22
222,1952,2023-01-10 05:00:00,Books,Product A,1,300.68,India,Berlin,Cash,300.68
223,1645,2023-01-10 06:00:00,Home,Product A,3,447.23,India,Mumbai,Credit Card,1341.69
224,1795,2023-01-10 07:00:00,Clothing,Product C,3,100.81,USA,London,Credit Card,302.43
225,1027,2023-01-10 08:00:00,Books,Product C,1,48.69,Germany,New York,Cash,48.69
226,1619,2023-01-10 09:00:00,Clothing,Product B,3,127.36,UK,New York,Cash,382.08
227,1555,2023-01-10 10:00:00,Electronics,Product D,4,399.34,India,Berlin,PayPal,1597.36
228,1339,2023-01-10 11:00:00,Clothing,Product D,2,26.99,India,Mumbai,PayPal,53.98
229,1797,2023-01-10 12:00:00,Clothing,Product C,2,295.58,UK,Mumbai,Debit Card,591.16
230,1957,2023-01-10 13:00:00,Home,Product B,2,497.76,Germany,New York,Debit Card,995.52
231,1330,2023-01-10 14:00:00,Books,Product D,1,429.29,India,London,Cash,429.29
232,1639,2023-01-10 15:00:00,Home,Product C,3,265.51,India,London,Credit Card,796.53
233,1505,2023-01-10 16:00:00,Home,Product A,4,41.18,India,New York,Debit Card,164.72
234,1347,2023-01-10 17:00:00,Home,Product D,4,417.37,Germany,New York,Cash,1669.48
235,1472,2023-01-10 18:00:00,Home,Product B,1,303.5,Germany,Mumbai,Debit Card,303.5
236,1230,2023-01-10 19:00:00,Home,Product B,4,66.32,UK,London,Credit Card,265.28
237,1189,2023-01-10 20:00:00,Clothing,Product B,4,55.99,Germany,New York,Cash,223.96
238,1224,2023-01-10 21:00:00,Home,Product A,4,455.72,Germany,New York,Credit Card,1822.88
239,1384,2023-01-10 22:00:00,Home,Product D,4,337.91,USA,Berlin,Cash,1351.64
240,1376,2023-01-10 23:00:00,Books,Product D,3,416.35,UK,New York,Debit Card,1249.0500000000002
241,1282,2023-01-11 00:00:00,Electronics,Product A,4,440.7,India,New York,PayPal,1762.8
242,1957,2023-01-11 01:00:00,Clothing,Product D,2,290.17,Germany,London,Debit Card,580.34
243,1632,2023-01-11 02:00:00,Clothing,Product A,1,263.55,India,Mumbai,Debit Card,263.55
244,1627,2023-01-11 03:00:00,Clothing,Product A,3,220.91,India,London,PayPal,662.73
245,1972,2023-01-11 04:00:00,Home,Product A,4,165.3,USA,Mumbai,PayPal,661.2
246,1744,2023-01-11 05:00:00,Home,Product B,3,222.95,Germany,Berlin,Cash,668.8499999999999
247,1258,2023-01-11 06:00:00,Home,Product D,4,389.2,UK,New York,Cash,1556.8
248,1358,2023-01-11 07:00:00,Books,Product A,2,304.94,Germany,Berlin,Credit Card,609.88
249,1709,2023-01-11 08:00:00,Electronics,Product D,1,447.34,India,Mumbai,Credit Card,447.34
250,1455,2023-01-11 09:00:00,Home,Product B,4,227.26,UK,London,Debit Card,909.04
251,1410,2023-01-11 10:00:00,Electronics,Product A,4,307.47,Germany,London,PayPal,1229.88
252,1648,2023-01-11 11:00:00,Books,Product C,4,319.34,India,Berlin,Credit Card,1277.36
253,1317,2023-01-11 12:00:00,Clothing,Product B,4,299.93,India,Mumbai,Debit Card,1199.72
254,1676,2023-01-11 13:00:00,Home,Product C,1,354.29,USA,Berlin,PayPal,354.29
255,1224,2023-01-11 14:00:00,Electronics,Product D,1,126.34,USA,Berlin,Cash,126.34
256,1818,2023-01-11 15:00:00,Electronics,Product D,2,261.06,USA,New York,Debit Card,522.12
257,1233,2023-01-11 16:00:00,Home,Product B,1,61.07,India,Berlin,Cash,61.07
258,1683,2023-01-11 17:00:00,Clothing,Product D,4,198.41,Germany,New York,Credit Card,793.64
259,1663,2023-01-11 18:00:00,Clothing,Product C,2,248.96,USA,New York,Credit Card,497.92
260,1974,2023-01-11 19:00:00,Clothing,Product A,2,329.59,Germany,London,PayPal,659.18
261,1826,2023-01-11 20:00:00,Books,Product A,2,475.76,USA,New York,Debit Card,951.52
262,1373,2023-01-11 21:00:00,Electronics,Product A,4,304.32,UK,New York,Cash,1217.28
263,1671,2023-01-11 22:00:00,Electronics,Product B,3,374.36,UK,London,PayPal,1123.08
264,1607,2023-01-11 23:00:00,Electronics,Product D,4,258.07,USA,Berlin,Credit Card,1032.28
265,1471,2023-01-12 00:00:00,Books,Product C,1,320.71,India,Mumbai,Credit Card,320.71
266,1232,2023-01-12 01:00:00,Electronics,Product D,1,44.76,USA,Mumbai,Debit Card,44.76
267,1691,2023-01-12 02:00:00,Books,Product D,4,134.65,USA,Mumbai,Cash,538.6
268,1112,2023-01-12 03:00:00,Clothing,Product D,4,187.31,India,Berlin,Debit Card,749.24
269,1829,2023-01-12 04:00:00,Home,Product A,2,241.52,UK,New York,Cash,483.04
270,1496,2023-01-12 05:00:00,Electronics,Product C,4,32.37,Germany,Mumbai,Cash,129.48
271,1441,2023-01-12 06:00:00,Electronics,Product C,2,78.61,USA,Berlin,Debit Card,157.22
272,1563,2023-01-12 07:00:00,Clothing,Product D,1,145.64,India,New York,PayPal,145.64
273,1267,2023-01-12 08:00:00,Home,Product A,2,486.05,USA,London,Debit Card,972.1
274,1509,2023-01-12 09:00:00,Books,Product A,4,172.36,India,Mumbai,Debit Card,689.44
275,1806,2023-01-12 10:00:00,Home,Product C,1,246.2,Germany,New York,Credit Card,246.2
276,1385,2023-01-12 11:00:00,Clothing,Product A,3,106.09,Germany,Mumbai,Credit Card,318.27
277,1386,2023-01-12 12:00:00,Clothing,Product A,2,309.28,UK,Mumbai,Debit Card,618.56
278,1112,2023-01-12 13:00:00,Home,Product A,1,147.53,India,Mumbai,Debit Card,147.53
279,1612,2023-01-12 14:00:00,Books,Product B,2,111.43,India,New York,Credit Card,222.86
280,1624,2023-01-12 15:00:00,Books,Product D,1,263.12,UK,Berlin,Cash,263.12
281,1951,2023-01-12 16:00:00,Electronics,Product C,1,12.7,UK,New York,Debit Card,12.7
282,1080,2023-01-12 17:00:00,Books,Product C,2,13.76,India,Mumbai,PayPal,27.52
283,1698,2023-01-12 18:00:00,Home,Product B,3,117.34,UK,New York,PayPal,352.02
284,1112,2023-01-12 19:00:00,Clothing,Product D,1,27.99,Germany,London,PayPal,27.99
285,1001,2023-01-12 20:00:00,Electronics,Product C,1,62.93,USA,Berlin,Debit Card,62.93
286,1641,2023-01-12 21:00:00,Electronics,Product A,1,176.04,Germany,New York,Cash,176.04
287,1219,2023-01-12 22:00:00,Clothing,Product C,3,403.27,UK,London,Cash,1209.81
288,1565,2023-01-12 23:00:00,Books,Product A,3,290.3,India,Berlin,Credit Card,870.9000000000001
289,1854,2023-01-13 00:00:00,Clothing,Product B,4,261.21,India,London,Debit Card,1044.84
290,1996,2023-01-13 01:00:00,Books,Product A,2,153.81,Germany,Berlin,Cash,307.62
291,1735,2023-01-13 02:00:00,Clothing,Product C,3,466.56,India,New York,Debit Card,1399.68
292,1224,2023-01-13 03:00:00,Home,Product C,2,204.54,UK,London,Credit Card,409.08
293,1384,2023-01-13 04:00:00,Books,Product C,4,52.68,Germany,Mumbai,Credit Card,210.72
294,1402,2023-01-13 05:00:00,Home,Product B,2,312.36,India,London,Credit Card,624.72
295,1637,2023-01-13 06:00:00,Electronics,Product B,3,65.78,USA,Berlin,PayPal,197.34
296,1129,2023-01-13 07:00:00,Clothing,Product D,2,179.16,USA,New York,Debit Card,358.32
297,1052,2023-01-13 08:00:00,Electronics,Product C,3,258.63,UK,Berlin,Credit Card,775.89
298,1683,2023-01-13 09:00:00,Electronics,Product A,2,438.37,India,London,Debit Card,876.74
299,1729,2023-01-13 10:00:00,Electronics,Product B,3,251.84,UK,London,PayPal,755.52
300,1671,2023-01-13 11:00:00,Electronics,Product C,3,354.11,Germany,Mumbai,PayPal,1062.33
301,1709,2023-01-13 12:00:00,Clothing,Product C,2,496.48,USA,New York,Credit Card,992.96
302,1415,2023-01-13 13:00:00,Electronics,Product B,4,74.43,Germany,New York,Credit Card,297.72
303,1246,2023-01-13 14:00:00,Clothing,Product D,1,144.62,India,London,Cash,144.62
304,1835,2023-01-13 15:00:00,Clothing,Product B,4,203.34,UK,New York,Debit Card,813.36
305,1438,2023-01-13 16:00:00,Home,Product B,2,216.7,UK,Mumbai,Credit Card,433.4
306,1202,2023-01-13 17:00:00,Books,Product A,4,211.4,UK,Berlin,Cash,845.6
307,1183,2023-01-13 18:00:00,Books,Product A,3,454.73,Germany,New York,Debit Card,1364.19
308,1122,2023-01-13 19:00:00,Clothing,Product D,1,359.88,USA,London,Credit Card,359.88
309,1400,2023-01-13 20:00:00,Home,Product C,2,307.87,Germany,Berlin,Cash,615.74
310,1766,2023-01-13 21:00:00,Clothing,Product B,2,161.59,Germany,Berlin,Cash,323.18
311,1293,2023-01-13 22:00:00,Clothing,Product D,2,413.66,India,Mumbai,Debit Card,827.32
312,1279,2023-01-13 23:00:00,Clothing,Product A,1,477.98,India,London,Cash,477.98
313,1836,2023-01-14 00:00:00,Home,Product B,3,412.39,India,New York,Debit Card,1237.17
314,1883,2023-01-14 01:00:00,Books,Product C,2,10.77,USA,London,Debit Card,21.54
315,1609,2023-01-14 02:00:00,Home,Product A,4,321.84,USA,Berlin,Debit Card,1287.36
316,1197,2023-01-14 03:00:00,Electronics,Product A,2,35.06,India,London,PayPal,70.12
317,1981,2023-01-14 04:00:00,Home,Product A,2,136.23,India,New York,Cash,272.46
318,1906,2023-01-14 05:00:00,Home,Product D,2,39.17,USA,New York,Debit Card,78.34
319,1510,2023-01-14 06:00:00,Home,Product C,2,305.86,UK,Mumbai,Credit Card,611.72
320,1751,2023-01-14 07:00:00,Home,Product B,3,346.43,USA,New York,PayPal,1039.29
321,1143,2023-01-14 08:00:00,Books,Product D,4,66.1,USA,New York,PayPal,264.4
322,1608,2023-01-14 09:00:00,Electronics,Product D,3,198.08,USA,London,Cash,594.24
323,1200,2023-01-14 10:00:00,Books,Product D,4,233.56,India,London,Debit Card,934.24
324,1123,2023-01-14 11:00:00,Books,Product A,2,190.84,UK,Berlin,Cash,381.68
325,1186,2023-01-14 12:00:00,Home,Product C,1,69.3,USA,Mumbai,PayPal,69.3
326,1325,2023-01-14 13:00:00,Clothing,Product D,3,215.28,India,London,Debit Card,645.84
327,1463,2023-01-14 14:00:00,Clothing,Product B,1,378.08,Germany,New York,Credit Card,378.08
328,1348,2023-01-14 15:00:00,Books,Product C,3,44.79,Germany,Berlin,Debit Card,134.37
329,1770,2023-01-14 16:00:00,Books,Product B,2,49.29,USA,London,PayPal,98.58
330,1659,2023-01-14 17:00:00,Home,Product C,3,183.84,Germany,Mumbai,Credit Card,551.52
331,1763,2023-01-14 18:00:00,Books,Product B,2,471.45,UK,Mumbai,Debit Card,942.9
332,1954,2023-01-14 19:00:00,Home,Product A,3,337.6,Germany,Berlin,Credit Card,1012.8000000000001
333,1931,2023-01-14 20:00:00,Clothing,Product D,2,342.55,Germany,Berlin,Credit Card,685.1
334,1402,2023-01-14 21:00:00,Clothing,Product B,2,187.34,UK,Berlin,PayPal,374.68
335,1345,2023-01-14 22:00:00,Electronics,Product C,4,300.89,USA,Berlin,Credit Card,1203.56
336,1962,2023-01-14 23:00:00,Clothing,Product D,2,14.96,USA,Berlin,Cash,29.92
337,1510,2023-01-15 00:00:00,Books,Product D,4,321.69,UK,New York,PayPal,1286.76
338,1146,2023-01-15 01:00:00,Clothing,Product C,2,457.51,UK,New York,Cash,915.02
339,1147,2023-01-15 02:00:00,Home,Product B,1,310.16,UK,London,Credit Card,310.16
340,1863,2023-01-15 03:00:00,Clothing,Product A,2,438.11,Germany,Mumbai,Cash,876.22
341,1710,2023-01-15 04:00:00,Electronics,Product A,1,364.75,UK,New York,Debit Card,364.75
342,1819,2023-01-15 05:00:00,Clothing,Product B,1,69.07,India,New York,Credit Card,69.07
343,1488,2023-01-15 06:00:00,Home,Product D,2,452.2,Germany,New York,Debit Card,904.4
344,1928,2023-01-15 07:00:00,Home,Product D,1,42.56,USA,London,Cash,42.56
345,1935,2023-01-15 08:00:00,Books,Product D,4,271.64,USA,Berlin,Debit Card,1086.56
346,1639,2023-01-15 09:00:00,Clothing,Product D,3,79.65,USA,London,Credit Card,238.95000000000002
347,1550,2023-01-15 10:00:00,Home,Product B,2,15.74,Germany,Mumbai,Debit Card,31.48
348,1337,2023-01-15 11:00:00,Electronics,Product D,1,216.8,India,Mumbai,Cash,216.8
349,1871,2023-01-15 12:00:00,Books,Product C,2,154.57,UK,Mumbai,Cash,309.14
350,1640,2023-01-15 13:00:00,Electronics,Product D,4,248.14,UK,Mumbai,Cash,992.56
351,1778,2023-01-15 14:00:00,Clothing,Product A,2,292.83,USA,New York,Credit Card,585.66
352,1987,2023-01-15 15:00:00,Clothing,Product D,2,31.43,USA,New York,Cash,62.86
353,1952,2023-01-15 16:00:00,Clothing,Product B,1,70.27,Germany,London,Credit Card,70.27
354,1472,2023-01-15 17:00:00,Books,Product A,4,283.73,India,Berlin,Debit Card,1134.92
355,1945,2023-01-15 18:00:00,Home,Product B,3,178.15,UK,Mumbai,Cash,534.45
356,1150,2023-01-15 19:00:00,Books,Product B,3,367.3,Germany,London,Debit Card,1101.9
357,1414,2023-01-15 20:00:00,Electronics,Product A,1,329.62,UK,New York,PayPal,329.62
358,1989,2023-01-15 21:00:00,Books,Product B,2,424.35,USA,New York,Debit Card,848.7
359,1297,2023-01-15 22:00:00,Electronics,Product B,1,349.32,UK,Berlin,PayPal,349.32
360,1610,2023-01-15 23:00:00,Books,Product D,1,220.67,India,Berlin,Debit Card,220.67
361,1262,2023-01-16 00:00:00,Home,Product C,1,339.75,India,Berlin,Credit Card,339.75
362,1763,2023-01-16 01:00:00,Electronics,Product B,2,144.94,USA,London,Debit Card,289.88
363,1143,2023-01-16 02:00:00,Clothing,Product B,4,160.09,India,New York,Credit Card,640.36
364,1345,2023-01-16 03:00:00,Clothing,Product B,1,396.6,India,New York,Credit Card,396.6
365,1623,2023-01-16 04:00:00,Books,Product D,2,228.75,Germany,Berlin,Cash,457.5
366,1571,2023-01-16 05:00:00,Clothing,Product C,4,401.21,UK,Mumbai,Credit Card,1604.84
367,1880,2023-01-16 06:00:00,Electronics,Product A,1,412.99,USA,Berlin,PayPal,412.99
368,1001,2023-01-16 07:00:00,Clothing,Product D,3,430.21,USA,London,Cash,1290.6299999999999
369,1896,2023-01-16 08:00:00,Home,Product D,4,459.15,USA,Berlin,Cash,1836.6
370,1303,2023-01-16 09:00:00,Home,Product C,1,221.18,USA,Berlin,Debit Card,221.18
371,1253,2023-01-16 10:00:00,Books,Product C,4,166.24,USA,London,Credit Card,664.96
372,1651,2023-01-16 11:00:00,Electronics,Product D,4,295.28,India,Berlin,Credit Card,1181.12
373,1452,2023-01-16 12:00:00,Home,Product A,4,191.87,Germany,New York,PayPal,767.48
374,1036,2023-01-16 13:00:00,Home,Product D,4,304.53,USA,Mumbai,Debit Card,1218.12
375,1159,2023-01-16 14:00:00,Electronics,Product C,4,355.74,Germany,Berlin,Debit Card,1422.96
376,1008,2023-01-16 15:00:00,Clothing,Product A,4,347.32,Germany,London,Cash,1389.28
377,1232,2023-01-16 16:00:00,Clothing,Product C,1,193.53,India,Mumbai,Cash,193.53
378,1098,2023-01-16 17:00:00,Books,Product A,3,91.76,USA,London,Cash,275.28000000000003
379,1658,2023-01-16 18:00:00,Clothing,Product B,2,220.96,India,Mumbai,PayPal,441.92
380,1815,2023-01-16 19:00:00,Electronics,Product C,4,79.87,USA,Mumbai,PayPal,319.48
381,1207,2023-01-16 20:00:00,Home,Product C,2,446.15,India,Berlin,Cash,892.3
382,1130,2023-01-16 21:00:00,Clothing,Product D,1,179.48,Germany,New York,Debit Card,179.48
383,1403,2023-01-16 22:00:00,Books,Product C,4,85.69,USA,Berlin,PayPal,342.76
384,1151,2023-01-16 23:00:00,Clothing,Product C,3,22.47,UK,London,Debit Card,67.41
385,1053,2023-01-17 00:00:00,Electronics,Product B,2,326.45,Germany,London,Debit Card,652.9
386,1119,2023-01-17 01:00:00,Books,Product C,4,322.08,UK,Mumbai,Credit Card,1288.32
387,1672,2023-01-17 02:00:00,Clothing,Product B,1,176.9,Germany,Mumbai,Cash,176.9
388,1919,2023-01-17 03:00:00,Books,Product B,3,45.14,India,New York,Credit Card,135.42000000000002
389,1627,2023-01-17 04:00:00,Electronics,Product B,2,210.72,USA,Berlin,Cash,421.44
390,1586,2023-01-17 05:00:00,Home,Product B,2,162.5,Germany,London,Cash,325.0
391,1624,2023-01-17 06:00:00,Electronics,Product A,4,341.79,India,Mumbai,Debit Card,1367.16
392,1967,2023-01-17 07:00:00,Electronics,Product D,3,306.83,USA,New York,Cash,920.49
393,1419,2023-01-17 08:00:00,Electronics,Product A,3,188.65,USA,London,Debit Card,565.95
394,1421,2023-01-17 09:00:00,Electronics,Product C,3,116.77,Germany,Mumbai,Debit Card,350.31
395,1103,2023-01-17 10:00:00,Home,Product A,3,494.14,USA,London,Cash,1482.42
396,1851,2023-01-17 11:00:00,Home,Product A,1,232.46,Germany,New York,Debit Card,232.46
397,1253,2023-01-17 12:00:00,Books,Product C,3,347.25,USA,New York,Debit Card,1041.75
398,1226,2023-01-17 13:00:00,Clothing,Product C,2,78.87,UK,London,Debit Card,157.74
399,1111,2023-01-17 14:00:00,Home,Product C,2,247.94,India,Berlin,PayPal,495.88
400,1509,2023-01-17 15:00:00,Home,Product A,1,23.49,UK,London,Debit Card,23.49
401,1472,2023-01-17 16:00:00,Clothing,Product A,2,257.67,Germany,Mumbai,PayPal,515.34
402,1098,2023-01-17 17:00:00,Home,Product C,2,482.37,UK,Berlin,PayPal,964.74
403,1152,2023-01-17 18:00:00,Electronics,Product D,3,198.26,Germany,Mumbai,Debit Card,594.78
404,1860,2023-01-17 19:00:00,Electronics,Product D,2,29.11,USA,London,Debit Card,58.22
405,1913,2023-01-17 20:00:00,Clothing,Product B,1,25.17,USA,Berlin,PayPal,25.17
406,1895,2023-01-17 21:00:00,Books,Product C,3,200.11,Germany,Mumbai,PayPal,600.33
407,1877,2023-01-17 22:00:00,Books,Product B,4,88.41,UK,London,Debit Card,353.64
408,1337,2023-01-17 23:00:00,Clothing,Product D,3,21.44,USA,London,Debit Card,64.32000000000001
409,1705,2023-01-18 00:00:00,Clothing,Product B,1,380.54,India,Berlin,Cash,380.54
410,1821,2023-01-18 01:00:00,Electronics,Product C,3,234.68,USA,London,PayPal,704.04
411,1162,2023-01-18 02:00:00,Books,Product C,3,151.73,India,New York,PayPal,455.18999999999994
412,1719,2023-01-18 03:00:00,Home,Product C,1,451.04,UK,Mumbai,Cash,451.04
413,1956,2023-01-18 04:00:00,Electronics,Product A,3,66.91,India,Mumbai,PayPal,200.73
414,1680,2023-01-18 05:00:00,Clothing,Product B,1,478.4,India,London,Credit Card,478.4
415,1995,2023-01-18 06:00:00,Books,Product D,1,163.84,India,London,PayPal,163.84
416,1160,2023-01-18 07:00:00,Home,Product D,4,445.32,India,New York,Cash,1781.28
417,1579,2023-01-18 08:00:00,Home,Product D,2,305.44,USA,Berlin,Credit Card,610.88
418,1800,2023-01-18 09:00:00,Electronics,Product A,2,415.09,India,London,Debit Card,830.18
419,1397,2023-01-18 10:00:00,Books,Product A,3,492.17,USA,London,Cash,1476.51
420,1276,2023-01-18 11:00:00,Books,Product C,3,151.32,India,London,Cash,453.96
421,1815,2023-01-18 12:00:00,Clothing,Product D,4,480.96,Germany,London,Debit Card,1923.84
422,1915,2023-01-18 13:00:00,Books,Product A,4,200.85,UK,Mumbai,Cash,803.4
423,1503,2023-01-18 14:00:00,Books,Product C,4,198.9,India,London,PayPal,795.6
424,1895,2023-01-18 15:00:00,Electronics,Product D,1,176.79,Germany,Mumbai,Debit Card,176.79
425,1391,2023-01-18 16:00:00,Books,Product B,4,275.29,India,London,Cash,1101.16
426,1134,2023-01-18 17:00:00,Home,Product C,4,85.53,India,Berlin,Debit Card,342.12
427,1194,2023-01-18 18:00:00,Electronics,Product A,3,281.32,India,New York,Debit Card,843.96
428,1400,2023-01-18 19:00:00,Electronics,Product A,4,275.44,Germany,Berlin,Debit Card,1101.76
429,1639,2023-01-18 20:00:00,Clothing,Product C,1,383.33,UK,London,Credit Card,383.33
430,1032,2023-01-18 21:00:00,Books,Product C,1,418.49,Germany,London,Cash,418.49
431,1687,2023-01-18 22:00:00,Clothing,Product A,3,225.82,UK,London,Credit Card,677.46
432,1459,2023-01-18 23:00:00,Home,Product B,4,158.14,India,Berlin,Cash,632.56
433,1954,2023-01-19 00:00:00,Electronics,Product D,4,137.07,USA,London,PayPal,548.28
434,1882,2023-01-19 01:00:00,Electronics,Product B,1,105.37,India,Berlin,PayPal,105.37
435,1469,2023-01-19 02:00:00,Electronics,Product C,4,38.25,UK,Mumbai,PayPal,153.0
436,1374,2023-01-19 03:00:00,Home,Product B,4,177.8,Germany,New York,Cash,711.2
437,1021,2023-01-19 04:00:00,Home,Product A,4,142.42,India,New York,Debit Card,569.68
438,1749,2023-01-19 05:00:00,Clothing,Product C,2,483.54,Germany,Berlin,Debit Card,967.08
439,1669,2023-01-19 06:00:00,Clothing,Product D,3,283.28,Germany,Mumbai,Credit Card,849.8399999999999
440,1037,2023-01-19 07:00:00,Clothing,Product A,2,180.17,Germany,Berlin,Credit Card,360.34
441,1229,2023-01-19 08:00:00,Books,Product A,3,294.43,India,Mumbai,PayPal,883.29
442,1364,2023-01-19 09:00:00,Electronics,Product D,1,78.21,Germany,London,Credit Card,78.21
443,1562,2023-01-19 10:00:00,Electronics,Product D,4,227.58,Germany,Mumbai,Cash,910.32
444,1437,2023-01-19 11:00:00,Clothing,Product B,3,316.85,India,Mumbai,Cash,950.5500000000001
445,1775,2023-01-19 12:00:00,Electronics,Product C,2,249.56,Germany,Mumbai,Credit Card,499.12
446,1282,2023-01-19 13:00:00,Clothing,Product D,4,206.87,India,New York,Credit Card,827.48
447,1026,2023-01-19 14:00:00,Books,Product D,1,496.99,UK,Mumbai,Credit Card,496.99
448,1225,2023-01-19 15:00:00,Books,Product C,3,441.35,UK,London,Credit Card,1324.0500000000002
449,1276,2023-01-19 16:00:00,Home,Product D,3,315.47,UK,London,PayPal,946.4100000000001
450,1797,2023-01-19 17:00:00,Books,Product D,3,288.99,Germany,London,PayPal,866.97
451,1608,2023-01-19 18:00:00,Clothing,Product B,4,314.12,USA,Mumbai,Credit Card,1256.48
452,1283,2023-01-19 19:00:00,Books,Product A,2,108.64,USA,Berlin,Cash,217.28
453,1878,2023-01-19 20:00:00,Home,Product A,2,203.62,Germany,Berlin,PayPal,407.24
454,1959,2023-01-19 21:00:00,Electronics,Product A,3,29.34,USA,London,Cash,88.02
455,1480,2023-01-19 22:00:00,Clothing,Product A,1,243.02,India,New York,Debit Card,243.02
456,1452,2023-01-19 23:00:00,Electronics,Product D,1,276.08,USA,Berlin,Cash,276.08
457,1828,2023-01-20 00:00:00,Home,Product C,2,121.6,Germany,Mumbai,Credit Card,243.2
458,1815,2023-01-20 01:00:00,Home,Product C,1,482.37,Germany,Berlin,Debit Card,482.37
459,1658,2023-01-20 02:00:00,Home,Product B,2,455.63,India,London,PayPal,911.26
460,1515,2023-01-20 03:00:00,Electronics,Product B,3,363.85,UK,New York,PayPal,1091.5500000000002
461,1546,2023-01-20 04:00:00,Electronics,Product D,2,271.36,Germany,Berlin,Debit Card,542.72
462,1191,2023-01-20 05:00:00,Electronics,Product C,2,436.28,India,Berlin,Cash,872.56
463,1048,2023-01-20 06:00:00,Electronics,Product C,3,74.02,USA,London,PayPal,222.06
464,1511,2023-01-20 07:00:00,Home,Product A,1,397.35,USA,New York,Credit Card,397.35
465,1016,2023-01-20 08:00:00,Home,Product D,2,71.16,India,New York,Debit Card,142.32
466,1171,2023-01-20 09:00:00,Clothing,Product D,2,399.16,India,London,Credit Card,798.32
467,1219,2023-01-20 10:00:00,Clothing,Product A,3,145.13,Germany,Mumbai,Debit Card,435.39
468,1157,2023-01-20 11:00:00,Electronics,Product D,1,439.77,USA,Berlin,PayPal,439.77
469,1476,2023-01-20 12:00:00,Books,Product D,2,472.58,India,Mumbai,Cash,945.16
470,1045,2023-01-20 13:00:00,Books,Product B,3,82.91,USA,Berlin,Debit Card,248.73
471,1372,2023-01-20 14:00:00,Home,Product C,2,236.71,India,Berlin,Debit Card,473.42
472,1517,2023-01-20 15:00:00,Home,Product D,4,490.68,USA,Mumbai,Credit Card,1962.72
473,1098,2023-01-20 16:00:00,Home,Product B,3,246.87,UK,London,PayPal,740.61
474,1891,2023-01-20 17:00:00,Clothing,Product C,1,433.14,Germany,London,Credit Card,433.14
475,1744,2023-01-20 18:00:00,Clothing,Product A,1,298.48,USA,Berlin,PayPal,298.48
476,1036,2023-01-20 19:00:00,Home,Product B,1,193.91,UK,London,Credit Card,193.91
477,1279,2023-01-20 20:00:00,Home,Product B,1,150.03,USA,Berlin,Debit Card,150.03
478,1348,2023-01-20 21:00:00,Home,Product C,2,109.58,USA,London,Credit Card,219.16
479,1496,2023-01-20 22:00:00,Books,Product A,2,383.28,UK,Berlin,Cash,766.56
480,1301,2023-01-20 23:00:00,Clothing,Product B,1,199.4,USA,London,PayPal,199.4
481,1180,2023-01-21 00:00:00,Books,Product D,1,260.52,USA,New York,PayPal,260.52
482,1606,2023-01-21 01:00:00,Books,Product D,1,251.24,Germany,Mumbai,Debit Card,251.24
483,1098,2023-01-21 02:00:00,Home,Product D,2,292.87,UK,New York,PayPal,585.74
484,1699,2023-01-21 03:00:00,Home,Product A,1,434.13,UK,Mumbai,Cash,434.13
485,1992,2023-01-21 04:00:00,Electronics,Product B,1,490.56,India,Mumbai,Credit Card,490.56
486,1115,2023-01-21 05:00:00,Electronics,Product D,4,209.72,USA,Berlin,Debit Card,838.88
487,1190,2023-01-21 06:00:00,Books,Product A,4,415.48,Germany,Mumbai,Cash,1661.92
488,1252,2023-01-21 07:00:00,Clothing,Product D,1,384.62,USA,New York,PayPal,384.62
489,1980,2023-01-21 08:00:00,Home,Product C,3,291.03,USA,New York,PayPal,873.0899999999999
490,1927,2023-01-21 09:00:00,Home,Product B,1,478.46,India,London,Cash,478.46
491,1982,2023-01-21 10:00:00,Books,Product B,4,108.23,USA,New York,Credit Card,432.92
492,1160,2023-01-21 11:00:00,Electronics,Product A,3,63.54,Germany,London,Credit Card,190.62
493,1255,2023-01-21 12:00:00,Clothing,Product A,3,428.44,Germany,Mumbai,Debit Card,1285.32
494,1322,2023-01-21 13:00:00,Electronics,Product B,1,225.18,India,New York,PayPal,225.18
495,1127,2023-01-21 14:00:00,Electronics,Product D,4,425.01,USA,Mumbai,Cash,1700.04
496,1017,2023-01-21 15:00:00,Electronics,Product D,4,447.61,Germany,New York,Credit Card,1790.44
497,1792,2023-01-21 16:00:00,Electronics,Product C,3,40.6,USA,New York,Debit Card,121.80000000000001
498,1734,2023-01-21 17:00:00,Home,Product D,1,442.9,USA,London,PayPal,442.9
499,1565,2023-01-21 18:00:00,Home,Product A,2,229.68,USA,Mumbai,PayPal,459.36
500,1569,2023-01-21 19:00:00,Electronics,Product A,2,260.11,India,New York,Debit Card,520.22
501,1322,2023-01-21 20:00:00,Clothing,Product D,4,317.03,USA,Berlin,Debit Card,1268.12
502,1871,2023-01-21 21:00:00,Books,Product A,2,463.93,Germany,Mumbai,Credit Card,927.86
503,1685,2023-01-21 22:00:00,Clothing,Product B,4,19.37,USA,Mumbai,Cash,77.48
504,1791,2023-01-21 23:00:00,Clothing,Product B,4,243.65,Germany,Mumbai,PayPal,974.6
505,1625,2023-01-22 00:00:00,Clothing,Product D,4,346.98,USA,London,Cash,1387.92
506,1287,2023-01-22 01:00:00,Electronics,Product B,2,364.13,Germany,Berlin,PayPal,728.26
507,1942,2023-01-22 02:00:00,Home,Product B,4,349.34,Germany,Mumbai,PayPal,1397.36
508,1853,2023-01-22 03:00:00,Clothing,Product C,3,75.87,USA,New York,Cash,227.61
509,1662,2023-01-22 04:00:00,Electronics,Product C,1,156.7,USA,New York,Debit Card,156.7
510,1961,2023-01-22 05:00:00,Clothing,Product B,1,185.77,Germany,London,Credit Card,185.77
511,1638,2023-01-22 06:00:00,Clothing,Product D,4,404.17,UK,New York,PayPal,1616.68
512,1154,2023-01-22 07:00:00,Electronics,Product C,1,146.59,India,Mumbai,Debit Card,146.59
513,1489,2023-01-22 08:00:00,Home,Product A,2,113.25,UK,New York,PayPal,226.5
514,1385,2023-01-22 09:00:00,Home,Product A,2,479.15,UK,Mumbai,Credit Card,958.3
515,1985,2023-01-22 10:00:00,Books,Product A,1,14.34,USA,New York,PayPal,14.34
516,1784,2023-01-22 11:00:00,Electronics,Product D,2,498.93,India,Berlin,Credit Card,997.86
517,1103,2023-01-22 12:00:00,Books,Product B,1,341.64,UK,London,Credit Card,341.64
518,1928,2023-01-22 13:00:00,Books,Product A,1,415.95,USA,London,PayPal,415.95
519,1392,2023-01-22 14:00:00,Books,Product D,1,154.36,UK,Berlin,PayPal,154.36
520,1810,2023-01-22 15:00:00,Home,Product C,4,17.01,UK,Berlin,Credit Card,68.04
521,1245,2023-01-22 16:00:00,Electronics,Product B,1,371.56,USA,London,Debit Card,371.56
522,1175,2023-01-22 17:00:00,Books,Product C,4,418.73,USA,Berlin,Cash,1674.92
523,1038,2023-01-22 18:00:00,Electronics,Product D,1,372.83,USA,Mumbai,Credit Card,372.83
524,1476,2023-01-22 19:00:00,Electronics,Product A,1,80.0,India,New York,PayPal,80.0
525,1681,2023-01-22 20:00:00,Home,Product A,1,379.18,UK,London,PayPal,379.18
526,1758,2023-01-22 21:00:00,Books,Product D,2,386.77,USA,Berlin,Debit Card,773.54
527,1537,2023-01-22 22:00:00,Books,Product A,4,332.68,Germany,Mumbai,Cash,1330.72
528,1866,2023-01-22 23:00:00,Electronics,Product B,4,385.4,UK,London,Credit Card,1541.6
529,1817,2023-01-23 00:00:00,Clothing,Product D,1,424.5,Germany,Berlin,Credit Card,424.5
530,1920,2023-01-23 01:00:00,Home,Product C,1,310.67,India,London,Cash,310.67
531,1407,2023-01-23 02:00:00,Home,Product D,2,53.42,USA,Berlin,Credit Card,106.84
532,1524,2023-01-23 03:00:00,Home,Product B,2,248.94,Germany,London,Cash,497.88
533,1827,2023-01-23 04:00:00,Home,Product B,2,48.05,India,Mumbai,PayPal,96.1
534,1505,2023-01-23 05:00:00,Books,Product D,4,209.7,USA,Mumbai,Cash,838.8
535,1902,2023-01-23 06:00:00,Books,Product D,4,209.48,Germany,New York,Credit Card,837.92
536,1824,2023-01-23 07:00:00,Clothing,Product A,4,42.34,Germany,London,Cash,169.36
537,1035,2023-01-23 08:00:00,Home,Product B,1,180.92,India,New York,Debit Card,180.92
538,1684,2023-01-23 09:00:00,Home,Product D,4,64.39,USA,London,PayPal,257.56
539,1019,2023-01-23 10:00:00,Electronics,Product D,3,406.04,USA,Berlin,PayPal,1218.1200000000001
540,1320,2023-01-23 11:00:00,Books,Product B,3,474.37,Germany,Berlin,Cash,1423.1100000000001
541,1775,2023-01-23 12:00:00,Home,Product D,2,45.44,Germany,New York,Credit Card,90.88
542,1511,2023-01-23 13:00:00,Clothing,Product A,4,478.01,Germany,London,Debit Card,1912.04
543,1399,2023-01-23 14:00:00,Clothing,Product B,3,266.06,USA,New York,PayPal,798.1800000000001
544,1653,2023-01-23 15:00:00,Books,Product A,2,156.79,India,Mumbai,PayPal,313.58
545,1971,2023-01-23 16:00:00,Clothing,Product A,4,47.66,India,New York,Credit Card,190.64
546,1882,2023-01-23 17:00:00,Clothing,Product A,1,255.31,USA,New York,Credit Card,255.31
547,1470,2023-01-23 18:00:00,Books,Product A,3,399.31,UK,Berlin,Debit Card,1197.93
548,1142,2023-01-23 19:00:00,Home,Product B,1,356.47,India,New York,Cash,356.47
549,1091,2023-01-23 20:00:00,Home,Product A,4,34.61,Germany,London,Credit Card,138.44
550,1353,2023-01-23 21:00:00,Clothing,Product A,3,45.72,UK,Berlin,Cash,137.16
551,1833,2023-01-23 22:00:00,Clothing,Product D,4,207.41,UK,New York,Debit Card,829.64
552,1799,2023-01-23 23:00:00,Home,Product B,1,154.69,India,Mumbai,Cash,154.69
553,1726,2023-01-24 00:00:00,Books,Product B,3,123.87,UK,New York,PayPal,371.61
554,1958,2023-01-24 01:00:00,Clothing,Product C,1,147.69,UK,New York,Cash,147.69
555,1853,2023-01-24 02:00:00,Electronics,Product B,4,403.71,India,New York,Debit Card,1614.84
556,1050,2023-01-24 03:00:00,Books,Product B,4,465.32,India,Berlin,Debit Card,1861.28
557,1664,2023-01-24 04:00:00,Clothing,Product C,1,208.5,UK,London,Debit Card,208.5
558,1697,2023-01-24 05:00:00,Clothing,Product B,3,453.99,Germany,Mumbai,Cash,1361.97
559,1574,2023-01-24 06:00:00,Electronics,Product B,1,167.53,USA,New York,PayPal,167.53
560,1189,2023-01-24 07:00:00,Electronics,Product B,4,243.45,UK,London,Credit Card,973.8
561,1124,2023-01-24 08:00:00,Home,Product B,1,120.75,UK,London,PayPal,120.75
562,1149,2023-01-24 09:00:00,Books,Product C,4,323.83,Germany,Berlin,Cash,1295.32
563,1313,2023-01-24 10:00:00,Books,Product B,1,489.7,UK,Mumbai,Cash,489.7
564,1569,2023-01-24 11:00:00,Home,Product B,3,305.71,UK,Berlin,Credit Card,917.1299999999999
565,1341,2023-01-24 12:00:00,Books,Product C,3,185.33,USA,London,Cash,555.99
566,1304,2023-01-24 13:00:00,Books,Product D,1,327.43,USA,London,Debit Card,327.43
567,1691,2023-01-24 14:00:00,Books,Product A,1,70.23,USA,London,Debit Card,70.23
568,1681,2023-01-24 15:00:00,Books,Product D,3,445.44,India,Berlin,Debit Card,1336.32
569,1837,2023-01-24 16:00:00,Books,Product C,4,256.51,India,Mumbai,Debit Card,1026.04
570,1782,2023-01-24 17:00:00,Electronics,Product A,3,230.18,USA,New York,Debit Card,690.54
571,1053,2023-01-24 18:00:00,Books,Product C,4,297.07,USA,Berlin,Cash,1188.28
572,1443,2023-01-24 19:00:00,Electronics,Product C,1,316.14,India,London,Credit Card,316.14
573,1612,2023-01-24 20:00:00,Books,Product B,1,45.17,Germany,Berlin,Credit Card,45.17
574,1992,2023-01-24 21:00:00,Home,Product A,4,344.48,UK,London,Debit Card,1377.92
575,1263,2023-01-24 22:00:00,Clothing,Product B,1,128.55,UK,New York,Cash,128.55
576,1052,2023-01-24 23:00:00,Electronics,Product A,4,359.84,USA,New York,PayPal,1439.36
577,1571,2023-01-25 00:00:00,Books,Product C,2,413.04,Germany,Mumbai,PayPal,826.08
578,1619,2023-01-25 01:00:00,Home,Product C,3,403.94,India,London,Cash,1211.82
579,1004,2023-01-25 02:00:00,Clothing,Product D,2,280.73,USA,Mumbai,Debit Card,561.46
580,1102,2023-01-25 03:00:00,Electronics,Product A,4,264.88,Germany,Mumbai,Credit Card,1059.52
581,1195,2023-01-25 04:00:00,Clothing,Product B,3,80.01,Germany,New York,Cash,240.03000000000003
582,1773,2023-01-25 05:00:00,Home,Product D,4,389.92,Germany,Berlin,PayPal,1559.68
583,1876,2023-01-25 06:00:00,Electronics,Product D,3,142.99,India,Berlin,PayPal,428.97
584,1991,2023-01-25 07:00:00,Clothing,Product D,3,253.38,India,Mumbai,PayPal,760.14
585,1883,2023-01-25 08:00:00,Books,Product B,3,149.29,UK,New York,Debit Card,447.87
586,1349,2023-01-25 09:00:00,Electronics,Product D,3,75.58,UK,London,PayPal,226.74
587,1046,2023-01-25 10:00:00,Clothing,Product B,4,318.48,Germany,Berlin,Cash,1273.92
588,1866,2023-01-25 11:00:00,Home,Product D,3,36.62,Germany,Mumbai,Cash,109.85999999999999
589,1822,2023-01-25 12:00:00,Home,Product B,3,376.84,India,Berlin,PayPal,1130.52
590,1935,2023-01-25 13:00:00,Electronics,Product C,2,165.62,UK,Berlin,Cash,331.24
591,1819,2023-01-25 14:00:00,Clothing,Product C,1,10.07,Germany,London,PayPal,10.07
592,1655,2023-01-25 15:00:00,Electronics,Product C,1,260.45,UK,New York,PayPal,260.45
593,1268,2023-01-25 16:00:00,Electronics,Product C,2,32.96,UK,London,Credit Card,65.92
594,1369,2023-01-25 17:00:00,Clothing,Product C,2,145.32,Germany,New York,Debit Card,290.64
595,1635,2023-01-25 18:00:00,Clothing,Product D,4,356.42,India,Berlin,Debit Card,1425.68
596,1105,2023-01-25 19:00:00,Books,Product D,4,40.72,Germany,Mumbai,Credit Card,162.88
597,1669,2023-01-25 20:00:00,Clothing,Product D,4,421.28,Germany,London,Credit Card,1685.12
598,1658,2023-01-25 21:00:00,Home,Product B,2,11.87,UK,New York,Debit Card,23.74
599,1656,2023-01-25 22:00:00,Electronics,Product B,2,130.94,Germany,Berlin,PayPal,261.88
600,1119,2023-01-25 23:00:00,Electronics,Product B,3,373.04,India,New York,PayPal,1119.1200000000001
601,1830,2023-01-26 00:00:00,Home,Product B,4,164.97,Germany,New York,Debit Card,659.88
602,1786,2023-01-26 01:00:00,Clothing,Product C,4,59.93,India,New York,PayPal,239.72
603,1603,2023-01-26 02:00:00,Home,Product C,4,186.51,India,Berlin,Credit Card,746.04
604,1057,2023-01-26 03:00:00,Home,Product C,1,142.49,UK,Mumbai,PayPal,142.49
605,1950,2023-01-26 04:00:00,Books,Product A,3,422.93,USA,Mumbai,PayPal,1268.79
606,1345,2023-01-26 05:00:00,Home,Product D,4,163.54,USA,Mumbai,Cash,654.16
607,1740,2023-01-26 06:00:00,Electronics,Product B,4,396.58,UK,New York,Cash,1586.32
608,1473,2023-01-26 07:00:00,Home,Product B,4,447.02,Germany,Berlin,Cash,1788.08
609,1116,2023-01-26 08:00:00,Electronics,Product C,1,222.57,UK,New York,PayPal,222.57
610,1829,2023-01-26 09:00:00,Electronics,Product B,1,455.87,India,Mumbai,Debit Card,455.87
611,1790,2023-01-26 10:00:00,Electronics,Product B,2,194.89,USA,Mumbai,Credit Card,389.78
612,1126,2023-01-26 11:00:00,Clothing,Product D,3,482.4,UK,Berlin,PayPal,1447.1999999999998
613,1392,2023-01-26 12:00:00,Books,Product C,2,53.75,Germany,New York,Debit Card,107.5
614,1907,2023-01-26 13:00:00,Electronics,Product D,3,346.64,UK,London,PayPal,1039.92
615,1640,2023-01-26 14:00:00,Electronics,Product A,1,251.97,USA,London,Credit Card,251.97
616,1057,2023-01-26 15:00:00,Clothing,Product A,4,199.95,UK,Mumbai,PayPal,799.8
617,1633,2023-01-26 16:00:00,Electronics,Product A,2,320.03,UK,Berlin,Credit Card,640.06
618,1512,2023-01-26 17:00:00,Home,Product C,4,354.89,USA,New York,PayPal,1419.56
619,1750,2023-01-26 18:00:00,Home,Product B,2,12.14,India,New York,Credit Card,24.28
620,1801,2023-01-26 19:00:00,Books,Product C,1,91.81,India,Mumbai,PayPal,91.81
621,1095,2023-01-26 20:00:00,Electronics,Product C,1,359.39,USA,Mumbai,Credit Card,359.39
622,1637,2023-01-26 21:00:00,Clothing,Product B,1,336.53,UK,New York,Cash,336.53
623,1117,2023-01-26 22:00:00,Home,Product D,2,483.36,USA,New York,PayPal,966.72
624,1559,2023-01-26 23:00:00,Clothing,Product A,3,382.91,India,Mumbai,PayPal,1148.73
625,1600,2023-01-27 00:00:00,Clothing,Product D,2,475.88,Germany,New York,Debit Card,951.76
626,1487,2023-01-27 01:00:00,Home,Product A,3,354.24,UK,London,Debit Card,1062.72
627,1236,2023-01-27 02:00:00,Clothing,Product C,2,156.05,India,Mumbai,Credit Card,312.1
628,1884,2023-01-27 03:00:00,Home,Product A,2,61.63,UK,New York,PayPal,123.26
629,1896,2023-01-27 04:00:00,Clothing,Product C,1,393.09,USA,Mumbai,Credit Card,393.09
630,1271,2023-01-27 05:00:00,Home,Product D,4,325.63,Germany,Berlin,Cash,1302.52
631,1188,2023-01-27 06:00:00,Electronics,Product C,4,33.61,USA,Mumbai,Debit Card,134.44
632,1998,2023-01-27 07:00:00,Books,Product D,3,186.42,Germany,Mumbai,Credit Card,559.26
633,1703,2023-01-27 08:00:00,Home,Product B,4,478.83,UK,Berlin,Credit Card,1915.32
634,1446,2023-01-27 09:00:00,Home,Product B,2,255.2,UK,London,Debit Card,510.4
635,1580,2023-01-27 10:00:00,Books,Product B,2,222.04,USA,New York,PayPal,444.08
636,1789,2023-01-27 11:00:00,Home,Product C,1,234.27,Germany,Berlin,Credit Card,234.27
637,1860,2023-01-27 12:00:00,Home,Product B,1,112.35,Germany,Mumbai,Debit Card,112.35
638,1246,2023-01-27 13:00:00,Clothing,Product A,4,190.67,UK,New York,PayPal,762.68
639,1962,2023-01-27 14:00:00,Books,Product D,3,191.21,USA,Berlin,Cash,573.63
640,1075,2023-01-27 15:00:00,Electronics,Product D,4,35.65,Germany,New York,Debit Card,142.6
641,1153,2023-01-27 16:00:00,Home,Product A,4,386.11,UK,New York,Credit Card,1544.44
642,1655,2023-01-27 17:00:00,Books,Product C,4,214.09,India,Berlin,Cash,856.36
643,1434,2023-01-27 18:00:00,Clothing,Product C,4,412.87,USA,New York,PayPal,1651.48
644,1996,2023-01-27 19:00:00,Electronics,Product D,2,426.67,India,London,PayPal,853.34
645,1085,2023-01-27 20:00:00,Books,Product B,3,113.88,USA,Berlin,Debit Card,341.64
646,1696,2023-01-27 21:00:00,Electronics,Product C,2,332.1,UK,London,Debit Card,664.2
647,1284,2023-01-27 22:00:00,Electronics,Product C,3,241.42,Germany,Mumbai,Debit Card,724.26
648,1973,2023-01-27 23:00:00,Electronics,Product A,1,441.28,Germany,New York,PayPal,441.28
649,1219,2023-01-28 00:00:00,Home,Product A,4,115.71,Germany,Mumbai,Cash,462.84
650,1068,2023-01-28 01:00:00,Home,Product B,2,342.13,USA,Mumbai,PayPal,684.26
651,1046,2023-01-28 02:00:00,Clothing,Product C,3,307.8,UK,New York,Credit Card,923.4000000000001
652,1093,2023-01-28 03:00:00,Clothing,Product C,1,154.7,India,Berlin,PayPal,154.7
653,1749,2023-01-28 04:00:00,Books,Product A,1,76.93,UK,New York,Credit Card,76.93
654,1957,2023-01-28 05:00:00,Clothing,Product C,4,329.3,India,Mumbai,Cash,1317.2
655,1452,2023-01-28 06:00:00,Electronics,Product D,3,371.91,USA,Mumbai,Debit Card,1115.73
656,1203,2023-01-28 07:00:00,Electronics,Product A,2,164.66,USA,Berlin,Debit Card,329.32
657,1911,2023-01-28 08:00:00,Home,Product B,4,325.97,India,New York,PayPal,1303.88
658,1217,2023-01-28 09:00:00,Electronics,Product A,2,203.61,India,Mumbai,Debit Card,407.22
659,1473,2023-01-28 10:00:00,Books,Product C,1,359.47,India,London,Cash,359.47
660,1431,2023-01-28 11:00:00,Electronics,Product B,2,107.62,UK,Mumbai,Debit Card,215.24
661,1340,2023-01-28 12:00:00,Electronics,Product A,2,446.21,India,Mumbai,PayPal,892.42
662,1550,2023-01-28 13:00:00,Books,Product D,4,150.83,USA,Berlin,Cash,603.32
663,1611,2023-01-28 14:00:00,Clothing,Product D,2,190.22,USA,London,Credit Card,380.44
664,1288,2023-01-28 15:00:00,Clothing,Product A,4,38.47,Germany,Mumbai,PayPal,153.88
665,1253,2023-01-28 16:00:00,Books,Product D,1,64.64,India,Mumbai,Credit Card,64.64
666,1733,2023-01-28 17:00:00,Home,Product D,4,262.77,UK,London,Cash,1051.08
667,1356,2023-01-28 18:00:00,Electronics,Product D,4,141.12,UK,New York,PayPal,564.48
668,1022,2023-01-28 19:00:00,Books,Product B,3,419.39,UK,New York,PayPal,1258.17
669,1761,2023-01-28 20:00:00,Electronics,Product D,2,17.2,Germany,Mumbai,Cash,34.4
670,1521,2023-01-28 21:00:00,Home,Product D,1,195.76,USA,Mumbai,Debit Card,195.76
671,1757,2023-01-28 22:00:00,Electronics,Product D,4,175.3,UK,New York,PayPal,701.2
672,1836,2023-01-28 23:00:00,Books,Product B,1,19.47,USA,Berlin,PayPal,19.47
673,1099,2023-01-29 00:00:00,Electronics,Product A,3,70.94,Germany,London,Credit Card,212.82
674,1801,2023-01-29 01:00:00,Clothing,Product C,2,212.68,India,London,Debit Card,425.36
675,1179,2023-01-29 02:00:00,Home,Product D,4,251.5,India,Berlin,Credit Card,1006.0
676,1222,2023-01-29 03:00:00,Home,Product A,2,208.1,India,Berlin,Credit Card,416.2
677,1905,2023-01-29 04:00:00,Home,Product D,3,270.16,UK,Berlin,Debit Card,810.48
678,1761,2023-01-29 05:00:00,Books,Product B,3,301.61,India,Berlin,Debit Card,904.83
679,1658,2023-01-29 06:00:00,Home,Product A,1,14.86,UK,Berlin,Cash,14.86
680,1441,2023-01-29 07:00:00,Clothing,Product B,4,237.41,Germany,Berlin,Debit Card,949.64
681,1607,2023-01-29 08:00:00,Books,Product D,1,482.11,Germany,London,PayPal,482.11
682,1768,2023-01-29 09:00:00,Clothing,Product D,3,264.33,UK,Berlin,Debit Card,792.99
683,1324,2023-01-29 10:00:00,Electronics,Product B,2,342.0,USA,New York,Cash,684.0
684,1515,2023-01-29 11:00:00,Electronics,Product C,1,162.81,India,Berlin,Cash,162.81
685,1015,2023-01-29 12:00:00,Electronics,Product B,1,389.26,India,Berlin,Cash,389.26
686,1791,2023-01-29 13:00:00,Electronics,Product D,2,388.73,India,London,Debit Card,777.46
687,1335,2023-01-29 14:00:00,Clothing,Product B,1,265.44,UK,London,Debit Card,265.44
688,1758,2023-01-29 15:00:00,Books,Product C,2,488.25,Germany,Berlin,Credit Card,976.5
689,1257,2023-01-29 16:00:00,Books,Product B,4,71.52,India,London,Credit Card,286.08
690,1496,2023-01-29 17:00:00,Home,Product C,2,18.3,Germany,Mumbai,PayPal,36.6
691,1987,2023-01-29 18:00:00,Clothing,Product C,4,387.38,India,London,Credit Card,1549.52
692,1895,2023-01-29 19:00:00,Electronics,Product B,2,405.51,India,London,PayPal,811.02
693,1159,2023-01-29 20:00:00,Clothing,Product B,3,68.9,UK,London,Cash,206.70000000000002
694,1474,2023-01-29 21:00:00,Home,Product A,3,140.14,USA,London,Credit Card,420.41999999999996
695,1851,2023-01-29 22:00:00,Home,Product D,4,18.6,UK,New York,Debit Card,74.4
696,1663,2023-01-29 23:00:00,Clothing,Product C,4,153.72,India,New York,Credit Card,614.88
697,1907,2023-01-30 00:00:00,Clothing,Product A,3,388.84,India,New York,PayPal,1166.52
698,1689,2023-01-30 01:00:00,Clothing,Product B,4,263.8,USA,Berlin,Credit Card,1055.2
699,1674,2023-01-30 02:00:00,Books,Product D,2,180.57,Germany,Berlin,Cash,361.14
700,1379,2023-01-30 03:00:00,Electronics,Product A,2,192.15,Germany,Mumbai,Debit Card,384.3
701,1544,2023-01-30 04:00:00,Clothing,Product C,3,10.66,India,New York,PayPal,31.98
702,1928,2023-01-30 05:00:00,Clothing,Product A,1,156.9,Germany,Berlin,Debit Card,156.9
703,1956,2023-01-30 06:00:00,Clothing,Product C,2,326.76,India,London,Debit Card,653.52
704,1690,2023-01-30 07:00:00,Home,Product B,4,487.36,USA,London,PayPal,1949.44
705,1426,2023-01-30 08:00:00,Home,Product D,1,425.06,USA,New York,Debit Card,425.06
706,1612,2023-01-30 09:00:00,Books,Product D,1,21.56,India,Mumbai,Debit Card,21.56
707,1267,2023-01-30 10:00:00,Electronics,Product D,2,450.29,USA,Mumbai,Credit Card,900.58
708,1834,2023-01-30 11:00:00,Books,Product B,2,393.77,UK,London,Debit Card,787.54
709,1576,2023-01-30 12:00:00,Electronics,Product C,1,392.38,UK,Mumbai,Debit Card,392.38
710,1416,2023-01-30 13:00:00,Home,Product B,1,234.42,USA,New York,Debit Card,234.42
711,1167,2023-01-30 14:00:00,Home,Product D,3,205.02,India,London,Debit Card,615.0600000000001
712,1841,2023-01-30 15:00:00,Home,Product B,4,158.43,India,Berlin,PayPal,633.72
713,1042,2023-01-30 16:00:00,Books,Product B,3,42.19,USA,Berlin,Cash,126.57
714,1555,2023-01-30 17:00:00,Clothing,Product B,2,121.84,Germany,Mumbai,Credit Card,243.68
715,1284,2023-01-30 18:00:00,Clothing,Product C,3,130.84,UK,London,Debit Card,392.52
716,1396,2023-01-30 19:00:00,Home,Product A,3,247.2,Germany,London,Debit Card,741.5999999999999
717,1011,2023-01-30 20:00:00,Clothing,Product A,3,376.25,India,Berlin,PayPal,1128.75
718,1606,2023-01-30 21:00:00,Clothing,Product B,3,242.17,India,London,Cash,726.51
719,1301,2023-01-30 22:00:00,Books,Product A,4,38.34,Germany,London,Debit Card,153.36
720,1897,2023-01-30 23:00:00,Electronics,Product A,4,479.32,USA,London,PayPal,1917.28
721,1252,2023-01-31 00:00:00,Home,Product B,1,471.93,Germany,Mumbai,Credit Card,471.93
722,1498,2023-01-31 01:00:00,Home,Product B,2,394.74,Germany,London,Credit Card,789.48
723,1753,2023-01-31 02:00:00,Books,Product D,3,495.75,UK,New York,Debit Card,1487.25
724,1034,2023-01-31 03:00:00,Books,Product A,1,276.8,UK,Mumbai,Debit Card,276.8
725,1726,2023-01-31 04:00:00,Clothing,Product C,1,481.76,Germany,London,Cash,481.76
726,1848,2023-01-31 05:00:00,Home,Product B,1,47.05,Germany,London,Cash,47.05
727,1089,2023-01-31 06:00:00,Electronics,Product D,4,189.18,India,New York,Debit Card,756.72
728,1775,2023-01-31 07:00:00,Books,Product C,3,120.44,UK,Mumbai,PayPal,361.32
729,1604,2023-01-31 08:00:00,Electronics,Product A,3,105.96,UK,Berlin,Cash,317.88
730,1921,2023-01-31 09:00:00,Electronics,Product D,2,78.99,India,Berlin,Debit Card,157.98
731,1969,2023-01-31 10:00:00,Home,Product B,3,314.98,USA,Mumbai,Cash,944.94
732,1601,2023-01-31 11:00:00,Home,Product C,3,392.85,UK,London,Debit Card,1178.5500000000002
733,1417,2023-01-31 12:00:00,Books,Product B,1,293.37,UK,London,Credit Card,293.37
734,1114,2023-01-31 13:00:00,Home,Product A,2,82.01,USA,Berlin,Debit Card,164.02
735,1616,2023-01-31 14:00:00,Home,Product C,3,407.45,UK,Berlin,Credit Card,1222.35
736,1902,2023-01-31 15:00:00,Home,Product A,4,321.62,UK,Berlin,Cash,1286.48
737,1195,2023-01-31 16:00:00,Electronics,Product A,3,200.2,USA,New York,Debit Card,600.5999999999999
738,1825,2023-01-31 17:00:00,Books,Product D,1,340.32,USA,Berlin,Cash,340.32
739,1500,2023-01-31 18:00:00,Clothing,Product B,4,137.35,Germany,New York,Credit Card,549.4
740,1625,2023-01-31 19:00:00,Electronics,Product C,1,179.14,India,Mumbai,Debit Card,179.14
741,1492,2023-01-31 20:00:00,Home,Product A,3,459.57,India,London,Cash,1378.71
742,1074,2023-01-31 21:00:00,Electronics,Product A,4,152.35,USA,Berlin,Credit Card,609.4
743,1412,2023-01-31 22:00:00,Home,Product C,2,240.29,USA,London,Cash,480.58
744,1375,2023-01-31 23:00:00,Home,Product A,2,446.17,UK,London,PayPal,892.34
745,1419,2023-02-01 00:00:00,Electronics,Product D,4,356.78,Germany,Berlin,Credit Card,1427.12
746,1728,2023-02-01 01:00:00,Books,Product D,4,40.48,Germany,Berlin,Credit Card,161.92
747,1276,2023-02-01 02:00:00,Home,Product D,1,82.18,USA,Mumbai,Credit Card,82.18
748,1760,2023-02-01 03:00:00,Books,Product D,4,13.84,UK,New York,Debit Card,55.36
749,1675,2023-02-01 04:00:00,Clothing,Product A,1,319.15,UK,New York,Debit Card,319.15
750,1393,2023-02-01 05:00:00,Home,Product C,3,229.36,India,London,Debit Card,688.08
751,1868,2023-02-01 06:00:00,Books,Product C,1,75.79,India,Berlin,PayPal,75.79
752,1456,2023-02-01 07:00:00,Books,Product C,4,479.39,UK,Mumbai,PayPal,1917.56
753,1919,2023-02-01 08:00:00,Clothing,Product C,4,269.53,India,Mumbai,Credit Card,1078.12
754,1191,2023-02-01 09:00:00,Books,Product B,3,128.53,USA,Mumbai,PayPal,385.59000000000003
755,1738,2023-02-01 10:00:00,Books,Product C,4,255.3,UK,Mumbai,Cash,1021.2
756,1688,2023-02-01 11:00:00,Clothing,Product B,4,343.01,India,Mumbai,Credit Card,1372.04
757,1098,2023-02-01 12:00:00,Home,Product B,2,47.36,Germany,New York,Credit Card,94.72
758,1547,2023-02-01 13:00:00,Books,Product D,2,144.6,UK,New York,Cash,289.2
759,1977,2023-02-01 14:00:00,Books,Product B,3,405.41,UK,New York,Credit Card,1216.23
760,1998,2023-02-01 15:00:00,Books,Product A,1,235.24,Germany,Berlin,PayPal,235.24
761,1095,2023-02-01 16:00:00,Electronics,Product B,2,277.82,USA,London,Debit Card,555.64
762,1663,2023-02-01 17:00:00,Clothing,Product D,1,222.08,Germany,Mumbai,Cash,222.08
763,1662,2023-02-01 18:00:00,Electronics,Product B,4,31.51,UK,Berlin,PayPal,126.04
764,1189,2023-02-01 19:00:00,Clothing,Product A,2,91.22,USA,Mumbai,Cash,182.44
765,1735,2023-02-01 20:00:00,Home,Product A,3,228.32,India,New York,Cash,684.96
766,1036,2023-02-01 21:00:00,Home,Product A,3,112.5,India,Berlin,Credit Card,337.5
767,1779,2023-02-01 22:00:00,Books,Product D,3,34.49,India,New York,Credit Card,103.47
768,1368,2023-02-01 23:00:00,Clothing,Product D,2,423.39,UK,Mumbai,PayPal,846.78
769,1694,2023-02-02 00:00:00,Home,Product C,1,490.78,Germany,Mumbai,Cash,490.78
770,1524,2023-02-02 01:00:00,Clothing,Product D,4,398.64,USA,London,Credit Card,1594.56
771,1278,2023-02-02 02:00:00,Home,Product A,1,428.35,India,Mumbai,Credit Card,428.35
772,1216,2023-02-02 03:00:00,Electronics,Product A,1,128.57,USA,New York,Cash,128.57
773,1866,2023-02-02 04:00:00,Home,Product D,4,480.71,UK,Mumbai,PayPal,1922.84
774,1872,2023-02-02 05:00:00,Electronics,Product B,4,106.49,India,London,PayPal,425.96
775,1797,2023-02-02 06:00:00,Home,Product D,2,476.2,UK,London,Cash,952.4
776,1272,2023-02-02 07:00:00,Books,Product D,2,497.46,Germany,New York,PayPal,994.92
777,1880,2023-02-02 08:00:00,Electronics,Product A,2,358.74,UK,Berlin,Credit Card,717.48
778,1061,2023-02-02 09:00:00,Home,Product C,2,490.76,UK,Mumbai,Cash,981.52
779,1595,2023-02-02 10:00:00,Books,Product A,2,289.07,Germany,London,Credit Card,578.14
780,1879,2023-02-02 11:00:00,Electronics,Product C,4,137.18,USA,Mumbai,Debit Card,548.72
781,1728,2023-02-02 12:00:00,Books,Product A,1,224.13,Germany,Mumbai,Debit Card,224.13
782,1341,2023-02-02 13:00:00,Clothing,Product D,2,300.84,Germany,Berlin,PayPal,601.68
783,1396,2023-02-02 14:00:00,Clothing,Product A,2,45.81,UK,London,Debit Card,91.62
784,1698,2023-02-02 15:00:00,Electronics,Product A,1,314.95,USA,Mumbai,Credit Card,314.95
785,1018,2023-02-02 16:00:00,Home,Product A,2,490.78,India,London,Debit Card,981.56
786,1176,2023-02-02 17:00:00,Electronics,Product D,1,103.15,Germany,New York,Credit Card,103.15
787,1611,2023-02-02 18:00:00,Books,Product D,1,398.37,USA,New York,PayPal,398.37
788,1395,2023-02-02 19:00:00,Home,Product D,4,454.87,Germany,Mumbai,PayPal,1819.48
789,1444,2023-02-02 20:00:00,Clothing,Product D,3,472.41,Germany,London,Credit Card,1417.23
790,1232,2023-02-02 21:00:00,Home,Product C,4,480.47,Germany,Mumbai,Debit Card,1921.88
791,1914,2023-02-02 22:00:00,Clothing,Product C,3,265.52,Germany,London,PayPal,796.56
792,1075,2023-02-02 23:00:00,Home,Product B,3,488.88,UK,London,Cash,1466.6399999999999
793,1264,2023-02-03 00:00:00,Home,Product D,3,381.08,USA,Berlin,PayPal,1143.24
794,1454,2023-02-03 01:00:00,Home,Product C,2,89.22,USA,Berlin,Debit Card,178.44
795,1795,2023-02-03 02:00:00,Books,Product A,4,243.68,USA,Berlin,Cash,974.72
796,1717,2023-02-03 03:00:00,Books,Product D,3,361.98,Germany,Mumbai,Debit Card,1085.94
797,1734,2023-02-03 04:00:00,Electronics,Product B,1,131.2,UK,Berlin,Credit Card,131.2
798,1383,2023-02-03 05:00:00,Electronics,Product B,2,323.9,Germany,Berlin,Cash,647.8
799,1563,2023-02-03 06:00:00,Clothing,Product B,4,336.63,Germany,New York,Debit Card,1346.52
800,1850,2023-02-03 07:00:00,Books,Product A,3,89.72,USA,London,Cash,269.15999999999997
801,1505,2023-02-03 08:00:00,Clothing,Product C,1,286.89,Germany,London,Debit Card,286.89
802,1366,2023-02-03 09:00:00,Electronics,Product A,4,388.1,India,Berlin,Cash,1552.4
803,1143,2023-02-03 10:00:00,Clothing,Product D,4,254.46,Germany,London,Debit Card,1017.84
804,1884,2023-02-03 11:00:00,Electronics,Product B,2,15.93,India,New York,Credit Card,31.86
805,1068,2023-02-03 12:00:00,Books,Product A,4,14.43,Germany,New York,Cash,57.72
806,1098,2023-02-03 13:00:00,Home,Product A,2,184.94,UK,Berlin,Cash,369.88
807,1395,2023-02-03 14:00:00,Books,Product C,3,463.84,UK,New York,Cash,1391.52
808,1024,2023-02-03 15:00:00,Clothing,Product C,2,122.05,USA,London,Cash,244.1
809,1947,2023-02-03 16:00:00,Clothing,Product B,1,320.84,Germany,Mumbai,Credit Card,320.84
810,1890,2023-02-03 17:00:00,Books,Product A,2,118.82,India,London,Cash,237.64
811,1468,2023-02-03 18:00:00,Books,Product A,1,167.62,India,Mumbai,PayPal,167.62
812,1483,2023-02-03 19:00:00,Electronics,Product C,2,425.54,Germany,Berlin,Credit Card,851.08
813,1564,2023-02-03 20:00:00,Clothing,Product A,4,367.14,India,Mumbai,PayPal,1468.56
814,1150,2023-02-03 21:00:00,Clothing,Product A,3,56.75,UK,New York,Cash,170.25
815,1143,2023-02-03 22:00:00,Books,Product A,1,220.06,India,London,Debit Card,220.06
816,1568,2023-02-03 23:00:00,Home,Product C,2,24.29,USA,Mumbai,PayPal,48.58
817,1038,2023-02-04 00:00:00,Clothing,Product B,2,245.64,UK,London,Cash,491.28
818,1108,2023-02-04 01:00:00,Home,Product D,2,334.59,UK,Berlin,PayPal,669.18
819,1692,2023-02-04 02:00:00,Books,Product B,4,68.07,UK,Berlin,Cash,272.28
820,1041,2023-02-04 03:00:00,Books,Product D,4,151.55,Germany,New York,Cash,606.2
821,1185,2023-02-04 04:00:00,Electronics,Product A,1,204.94,Germany,Berlin,Cash,204.94
822,1934,2023-02-04 05:00:00,Clothing,Product B,1,460.57,UK,Mumbai,Debit Card,460.57
823,1397,2023-02-04 06:00:00,Home,Product D,4,496.69,Germany,Berlin,PayPal,1986.76
824,1222,2023-02-04 07:00:00,Electronics,Product C,1,32.01,India,New York,Credit Card,32.01
825,1633,2023-02-04 08:00:00,Clothing,Product C,3,382.89,Germany,London,Credit Card,1148.67
826,1132,2023-02-04 09:00:00,Electronics,Product B,3,192.14,Germany,London,Credit Card,576.42
827,1162,2023-02-04 10:00:00,Books,Product B,4,202.3,UK,Berlin,Credit Card,809.2
828,1214,2023-02-04 11:00:00,Clothing,Product A,1,379.59,USA,Mumbai,Cash,379.59
829,1732,2023-02-04 12:00:00,Electronics,Product B,2,460.03,USA,New York,PayPal,920.06
830,1234,2023-02-04 13:00:00,Electronics,Product A,3,475.96,USA,Mumbai,PayPal,1427.8799999999999
831,1842,2023-02-04 14:00:00,Home,Product A,4,292.79,India,New York,Debit Card,1171.16
832,1657,2023-02-04 15:00:00,Electronics,Product C,1,184.99,Germany,Berlin,PayPal,184.99
833,1750,2023-02-04 16:00:00,Clothing,Product C,4,395.9,USA,New York,PayPal,1583.6
834,1587,2023-02-04 17:00:00,Clothing,Product D,2,132.99,UK,New York,PayPal,265.98
835,1008,2023-02-04 18:00:00,Home,Product C,3,286.4,USA,Berlin,Debit Card,859.1999999999999
836,1073,2023-02-04 19:00:00,Clothing,Product C,4,185.7,USA,Mumbai,Credit Card,742.8
837,1953,2023-02-04 20:00:00,Books,Product B,4,331.75,Germany,Berlin,PayPal,1327.0
838,1491,2023-02-04 21:00:00,Clothing,Product C,4,127.8,Germany,New York,Debit Card,511.2
839,1912,2023-02-04 22:00:00,Clothing,Product D,2,103.88,Germany,Berlin,Debit Card,207.76
840,1252,2023-02-04 23:00:00,Electronics,Product B,4,459.94,India,New York,Cash,1839.76
841,1229,2023-02-05 00:00:00,Electronics,Product D,2,59.88,India,Berlin,Debit Card,119.76
842,1518,2023-02-05 01:00:00,Clothing,Product C,2,257.92,USA,London,Credit Card,515.84
843,1173,2023-02-05 02:00:00,Home,Product D,2,118.22,Germany,London,PayPal,236.44
844,1652,2023-02-05 03:00:00,Electronics,Product B,3,29.08,USA,Berlin,Debit Card,87.24
845,1167,2023-02-05 04:00:00,Home,Product A,3,27.65,UK,Mumbai,Credit Card,82.94999999999999
846,1169,2023-02-05 05:00:00,Clothing,Product D,4,95.86,UK,New York,Debit Card,383.44
847,1392,2023-02-05 06:00:00,Clothing,Product D,4,434.72,Germany,London,Debit Card,1738.88
848,1945,2023-02-05 07:00:00,Books,Product B,3,148.41,Germany,Mumbai,Debit Card,445.23
849,1794,2023-02-05 08:00:00,Electronics,Product B,1,475.72,UK,New York,Debit Card,475.72
850,1633,2023-02-05 09:00:00,Clothing,Product D,3,294.99,Germany,London,Debit Card,884.97
851,1193,2023-02-05 10:00:00,Books,Product C,2,223.94,India,London,Credit Card,447.88
852,1516,2023-02-05 11:00:00,Electronics,Product D,3,294.24,India,Berlin,PayPal,882.72
853,1028,2023-02-05 12:00:00,Clothing,Product B,2,263.18,Germany,New York,PayPal,526.36
854,1164,2023-02-05 13:00:00,Clothing,Product A,4,381.8,UK,Mumbai,PayPal,1527.2
855,1421,2023-02-05 14:00:00,Electronics,Product A,1,148.42,USA,Mumbai,PayPal,148.42
856,1338,2023-02-05 15:00:00,Electronics,Product C,4,182.99,Germany,Mumbai,Credit Card,731.96
857,1647,2023-02-05 16:00:00,Electronics,Product D,2,448.11,Germany,New York,Cash,896.22
858,1495,2023-02-05 17:00:00,Clothing,Product A,2,473.76,USA,Mumbai,Cash,947.52
859,1364,2023-02-05 18:00:00,Clothing,Product D,2,447.35,Germany,Mumbai,Credit Card,894.7
860,1832,2023-02-05 19:00:00,Books,Product B,1,215.53,USA,Mumbai,Credit Card,215.53
861,1341,2023-02-05 20:00:00,Home,Product A,3,392.38,UK,Berlin,Debit Card,1177.1399999999999
862,1499,2023-02-05 21:00:00,Electronics,Product C,4,243.4,India,Berlin,Debit Card,973.6
863,1656,2023-02-05 22:00:00,Clothing,Product B,4,253.79,UK,New York,Debit Card,1015.16
864,1510,2023-02-05 23:00:00,Clothing,Product C,3,110.29,India,New York,PayPal,330.87
865,1326,2023-02-06 00:00:00,Electronics,Product B,4,299.65,USA,Mumbai,Debit Card,1198.6
866,1216,2023-02-06 01:00:00,Home,Product A,1,101.21,India,Berlin,Cash,101.21
867,1300,2023-02-06 02:00:00,Electronics,Product C,4,172.47,UK,London,PayPal,689.88
868,1131,2023-02-06 03:00:00,Home,Product C,2,428.96,India,London,Debit Card,857.92
869,1803,2023-02-06 04:00:00,Clothing,Product B,3,111.47,USA,Mumbai,PayPal,334.40999999999997
870,1069,2023-02-06 05:00:00,Home,Product C,1,44.87,India,Mumbai,Cash,44.87
871,1251,2023-02-06 06:00:00,Books,Product B,3,43.81,Germany,Berlin,Debit Card,131.43
872,1414,2023-02-06 07:00:00,Clothing,Product B,1,470.98,UK,Berlin,Cash,470.98
873,1786,2023-02-06 08:00:00,Books,Product B,2,258.39,Germany,Berlin,Cash,516.78
874,1444,2023-02-06 09:00:00,Electronics,Product B,3,210.61,USA,New York,Cash,631.83
875,1875,2023-02-06 10:00:00,Electronics,Product A,4,407.33,India,New York,Debit Card,1629.32
876,1181,2023-02-06 11:00:00,Electronics,Product B,1,419.55,Germany,Mumbai,Credit Card,419.55
877,1166,2023-02-06 12:00:00,Home,Product D,3,172.77,Germany,New York,Debit Card,518.3100000000001
878,1090,2023-02-06 13:00:00,Clothing,Product C,4,349.87,India,Berlin,Cash,1399.48
879,1713,2023-02-06 14:00:00,Electronics,Product D,3,387.85,India,Berlin,Debit Card,1163.5500000000002
880,1857,2023-02-06 15:00:00,Electronics,Product A,3,330.78,UK,New York,Cash,992.3399999999999
881,1530,2023-02-06 16:00:00,Clothing,Product D,3,84.28,Germany,London,Credit Card,252.84
882,1038,2023-02-06 17:00:00,Electronics,Product C,1,439.18,Germany,Mumbai,PayPal,439.18
883,1125,2023-02-06 18:00:00,Books,Product D,4,274.16,USA,London,Credit Card,1096.64
884,1450,2023-02-06 19:00:00,Clothing,Product A,2,148.41,UK,Mumbai,Credit Card,296.82
885,1172,2023-02-06 20:00:00,Clothing,Product B,1,218.36,USA,London,PayPal,218.36
886,1652,2023-02-06 21:00:00,Clothing,Product D,1,28.41,Germany,New York,Debit Card,28.41
887,1753,2023-02-06 22:00:00,Books,Product A,1,72.65,USA,Mumbai,PayPal,72.65
888,1219,2023-02-06 23:00:00,Clothing,Product A,2,385.12,Germany,Mumbai,Debit Card,770.24
889,1637,2023-02-07 00:00:00,Books,Product C,4,10.01,Germany,Mumbai,Debit Card,40.04
890,1057,2023-02-07 01:00:00,Clothing,Product C,4,214.12,USA,Berlin,Cash,856.48
891,1659,2023-02-07 02:00:00,Home,Product D,4,266.03,USA,Berlin,Cash,1064.12
892,1475,2023-02-07 03:00:00,Electronics,Product B,3,36.77,India,London,PayPal,110.31
893,1455,2023-02-07 04:00:00,Home,Product A,3,486.81,India,New York,Credit Card,1460.43
894,1828,2023-02-07 05:00:00,Electronics,Product D,3,120.8,India,Berlin,PayPal,362.4
895,1894,2023-02-07 06:00:00,Books,Product A,2,159.06,Germany,Mumbai,Debit Card,318.12
896,1360,2023-02-07 07:00:00,Home,Product A,3,158.93,USA,Berlin,Cash,476.79
897,1934,2023-02-07 08:00:00,Clothing,Product B,2,122.9,UK,New York,PayPal,245.8
898,1000,2023-02-07 09:00:00,Electronics,Product B,4,10.72,Germany,Berlin,PayPal,42.88
899,1386,2023-02-07 10:00:00,Electronics,Product D,3,367.38,UK,Mumbai,Cash,1102.1399999999999
900,1972,2023-02-07 11:00:00,Home,Product B,3,483.75,USA,London,Cash,1451.25
901,1347,2023-02-07 12:00:00,Books,Product B,1,119.9,Germany,Mumbai,Cash,119.9
902,1189,2023-02-07 13:00:00,Home,Product D,2,334.89,UK,New York,Debit Card,669.78
903,1504,2023-02-07 14:00:00,Books,Product B,4,373.53,UK,London,Cash,1494.12
904,1190,2023-02-07 15:00:00,Books,Product C,1,425.73,India,Berlin,Credit Card,425.73
905,1507,2023-02-07 16:00:00,Electronics,Product A,1,217.09,India,Berlin,PayPal,217.09
906,1368,2023-02-07 17:00:00,Home,Product A,4,158.44,India,Berlin,Cash,633.76
907,1408,2023-02-07 18:00:00,Home,Product A,1,169.39,Germany,London,Cash,169.39
908,1823,2023-02-07 19:00:00,Books,Product A,2,359.18,USA,Mumbai,Debit Card,718.36
909,1928,2023-02-07 20:00:00,Home,Product D,2,410.22,USA,London,Debit Card,820.44
910,1933,2023-02-07 21:00:00,Clothing,Product A,3,98.99,India,London,PayPal,296.96999999999997
911,1116,2023-02-07 22:00:00,Clothing,Product A,1,191.76,India,New York,Credit Card,191.76
912,1133,2023-02-07 23:00:00,Home,Product A,3,451.95,India,London,PayPal,1355.85
913,1057,2023-02-08 00:00:00,Home,Product A,1,405.28,UK,Berlin,Cash,405.28
914,1555,2023-02-08 01:00:00,Books,Product C,2,492.58,India,Mumbai,Credit Card,985.16
915,1684,2023-02-08 02:00:00,Clothing,Product A,2,379.58,UK,Mumbai,Credit Card,759.16
916,1671,2023-02-08 03:00:00,Clothing,Product C,2,202.67,USA,Mumbai,Credit Card,405.34
917,1172,2023-02-08 04:00:00,Electronics,Product D,1,299.41,Germany,Berlin,Credit Card,299.41
918,1828,2023-02-08 05:00:00,Books,Product B,2,333.9,Germany,Berlin,PayPal,667.8
919,1814,2023-02-08 06:00:00,Electronics,Product A,1,48.44,Germany,Berlin,Debit Card,48.44
920,1148,2023-02-08 07:00:00,Clothing,Product B,3,276.8,Germany,Berlin,Debit Card,830.4000000000001
921,1079,2023-02-08 08:00:00,Books,Product B,1,357.57,UK,Berlin,Cash,357.57
922,1885,2023-02-08 09:00:00,Home,Product D,3,91.99,UK,London,Debit Card,275.96999999999997
923,1212,2023-02-08 10:00:00,Books,Product B,1,392.51,India,Berlin,Debit Card,392.51
924,1202,2023-02-08 11:00:00,Home,Product C,3,296.05,UK,Berlin,Debit Card,888.1500000000001
925,1763,2023-02-08 12:00:00,Home,Product B,2,476.59,India,Berlin,Debit Card,953.18
926,1228,2023-02-08 13:00:00,Books,Product B,3,30.79,India,Berlin,Cash,92.37
927,1675,2023-02-08 14:00:00,Home,Product B,2,140.01,Germany,Mumbai,PayPal,280.02
928,1226,2023-02-08 15:00:00,Electronics,Product A,2,304.76,UK,Berlin,Credit Card,609.52
929,1658,2023-02-08 16:00:00,Clothing,Product A,3,155.31,UK,London,Debit Card,465.93
930,1531,2023-02-08 17:00:00,Home,Product C,1,360.07,India,London,PayPal,360.07
931,1440,2023-02-08 18:00:00,Electronics,Product C,1,381.91,India,London,Debit Card,381.91
932,1401,2023-02-08 19:00:00,Home,Product A,4,60.23,USA,New York,Debit Card,240.92
933,1046,2023-02-08 20:00:00,Clothing,Product C,1,261.79,USA,Mumbai,Credit Card,261.79
934,1232,2023-02-08 21:00:00,Electronics,Product A,4,259.36,India,Berlin,Credit Card,1037.44
935,1304,2023-02-08 22:00:00,Clothing,Product D,1,190.95,USA,New York,Credit Card,190.95
936,1525,2023-02-08 23:00:00,Clothing,Product B,1,467.13,USA,Berlin,Debit Card,467.13
937,1142,2023-02-09 00:00:00,Electronics,Product B,2,415.48,India,New York,Debit Card,830.96
938,1414,2023-02-09 01:00:00,Electronics,Product C,4,351.63,India,New York,Debit Card,1406.52
939,1512,2023-02-09 02:00:00,Electronics,Product A,1,360.02,UK,London,Credit Card,360.02
940,1372,2023-02-09 03:00:00,Books,Product A,4,236.24,India,London,Cash,944.96
941,1565,2023-02-09 04:00:00,Electronics,Product C,2,461.29,India,New York,PayPal,922.58
942,1885,2023-02-09 05:00:00,Electronics,Product A,2,350.35,Germany,London,Cash,700.7
943,1258,2023-02-09 06:00:00,Electronics,Product D,4,367.2,UK,New York,Debit Card,1468.8
944,1655,2023-02-09 07:00:00,Electronics,Product B,2,432.23,UK,Mumbai,Debit Card,864.46
945,1470,2023-02-09 08:00:00,Home,Product C,3,144.3,UK,London,Cash,432.90000000000003
946,1952,2023-02-09 09:00:00,Books,Product C,3,405.46,Germany,London,Debit Card,1216.3799999999999
947,1970,2023-02-09 10:00:00,Clothing,Product A,2,105.67,India,London,PayPal,211.34
948,1011,2023-02-09 11:00:00,Electronics,Product C,3,179.22,UK,Mumbai,Debit Card,537.66
949,1329,2023-02-09 12:00:00,Home,Product D,1,174.45,UK,New York,PayPal,174.45
950,1735,2023-02-09 13:00:00,Home,Product A,4,489.48,USA,Berlin,Cash,1957.92
951,1783,2023-02-09 14:00:00,Home,Product A,1,429.7,UK,London,Cash,429.7
952,1967,2023-02-09 15:00:00,Clothing,Product A,4,353.57,India,New York,Debit Card,1414.28
953,1357,2023-02-09 16:00:00,Electronics,Product A,2,366.26,India,Mumbai,PayPal,732.52
954,1971,2023-02-09 17:00:00,Books,Product D,1,285.42,USA,Berlin,Debit Card,285.42
955,1407,2023-02-09 18:00:00,Books,Product A,2,474.07,UK,London,Credit Card,948.14
956,1667,2023-02-09 19:00:00,Home,Product C,2,253.17,UK,Mumbai,Credit Card,506.34
957,1372,2023-02-09 20:00:00,Clothing,Product D,4,196.45,UK,Mumbai,Credit Card,785.8
958,1007,2023-02-09 21:00:00,Clothing,Product B,4,89.89,Germany,Berlin,Credit Card,359.56
959,1121,2023-02-09 22:00:00,Clothing,Product B,4,395.24,UK,New York,Debit Card,1580.96
960,1347,2023-02-09 23:00:00,Books,Product C,1,369.88,India,London,Credit Card,369.88
961,1675,2023-02-10 00:00:00,Home,Product C,3,198.33,India,London,PayPal,594.99
962,1089,2023-02-10 01:00:00,Electronics,Product D,4,22.34,Germany,New York,Cash,89.36
963,1647,2023-02-10 02:00:00,Books,Product B,4,421.11,Germany,New York,Cash,1684.44
964,1697,2023-02-10 03:00:00,Home,Product B,1,15.59,UK,New York,Credit Card,15.59
965,1315,2023-02-10 04:00:00,Home,Product B,4,354.81,USA,Berlin,Credit Card,1419.24
966,1177,2023-02-10 05:00:00,Electronics,Product B,1,485.43,Germany,Berlin,Credit Card,485.43
967,1539,2023-02-10 06:00:00,Electronics,Product B,2,224.45,Germany,London,Debit Card,448.9
968,1731,2023-02-10 07:00:00,Electronics,Product A,4,125.14,UK,Berlin,Cash,500.56
969,1868,2023-02-10 08:00:00,Clothing,Product C,4,355.39,UK,Mumbai,Credit Card,1421.56
970,1040,2023-02-10 09:00:00,Electronics,Product A,2,410.39,Germany,London,PayPal,820.78
971,1739,2023-02-10 10:00:00,Home,Product B,2,277.75,USA,Berlin,Credit Card,555.5
972,1703,2023-02-10 11:00:00,Electronics,Product D,2,483.85,Germany,New York,Cash,967.7
973,1922,2023-02-10 12:00:00,Home,Product D,4,35.32,UK,Mumbai,Credit Card,141.28
974,1501,2023-02-10 13:00:00,Books,Product B,3,257.35,UK,New York,Cash,772.0500000000001
975,1958,2023-02-10 14:00:00,Clothing,Product B,3,362.04,Germany,London,Credit Card,1086.1200000000001
976,1144,2023-02-10 15:00:00,Books,Product D,3,432.69,USA,New York,PayPal,1298.07
977,1200,2023-02-10 16:00:00,Books,Product A,4,97.84,Germany,Berlin,Credit Card,391.36
978,1928,2023-02-10 17:00:00,Home,Product A,2,402.0,Germany,Berlin,PayPal,804.0
979,1723,2023-02-10 18:00:00,Books,Product B,4,280.83,UK,London,PayPal,1123.32
980,1460,2023-02-10 19:00:00,Home,Product A,2,204.31,USA,New York,Credit Card,408.62
981,1731,2023-02-10 20:00:00,Electronics,Product D,4,74.54,India,London,PayPal,298.16
982,1751,2023-02-10 21:00:00,Electronics,Product A,4,433.99,USA,New York,Debit Card,1735.96
983,1924,2023-02-10 22:00:00,Home,Product B,2,87.06,Germany,Mumbai,Credit Card,174.12
984,1908,2023-02-10 23:00:00,Electronics,Product D,3,161.8,Germany,Berlin,Credit Card,485.40000000000003
985,1557,2023-02-11 00:00:00,Clothing,Product A,2,152.12,Germany,London,PayPal,304.24
986,1546,2023-02-11 01:00:00,Books,Product C,1,436.99,USA,Mumbai,PayPal,436.99
987,1252,2023-02-11 02:00:00,Clothing,Product D,1,339.62,UK,Mumbai,Credit Card,339.62
988,1389,2023-02-11 03:00:00,Books,Product D,2,400.37,Germany,London,Debit Card,800.74
989,1593,2023-02-11 04:00:00,Electronics,Product C,4,132.73,Germany,London,PayPal,530.92
990,1882,2023-02-11 05:00:00,Clothing,Product C,1,316.19,USA,Mumbai,PayPal,316.19
991,1255,2023-02-11 06:00:00,Electronics,Product D,1,290.16,India,New York,Cash,290.16
992,1708,2023-02-11 07:00:00,Books,Product C,4,418.09,India,Mumbai,Debit Card,1672.36
993,1814,2023-02-11 08:00:00,Home,Product B,4,453.98,UK,London,Debit Card,1815.92
994,1920,2023-02-11 09:00:00,Home,Product B,3,15.96,UK,Mumbai,Credit Card,47.88
995,1449,2023-02-11 10:00:00,Clothing,Product B,4,340.27,Germany,New York,Debit Card,1361.08
996,1009,2023-02-11 11:00:00,Electronics,Product D,2,35.4,USA,Berlin,Credit Card,70.8
997,1823,2023-02-11 12:00:00,Electronics,Product C,2,278.94,Germany,Berlin,Cash,557.88
998,1797,2023-02-11 13:00:00,Clothing,Product C,3,150.94,UK,Mumbai,Debit Card,452.82
999,1241,2023-02-11 14:00:00,Home,Product A,1,160.32,USA,New York,PayPal,160.32
1000,1250,2023-02-11 15:00:00,Books,Product A,1,182.95,USA,Berlin,Cash,182.95
